insert into "Proprietaire" ("noProprietaire", "nomProprietaire", "prenomProprietaire", "adresseProprietaire") values (0, '7BO8XBKWSE7V0I1YSYMSTOIOL O8V NU3MGHC8VT 51CIPL8Q1', 'PXEBK5R4NXMAWBBSPBSN8JLDX0R QIYB8FPW80644KF7FHMD6 ', 'BNN9PXHL282KI9D9EYLF682BC42631A 1TN88H U7MHC3U21K78LPRWXH903YMGQU98 UJ3CVSOH YP34EPC4W40NAHTXX6QCFGIQLH49DWNMIV73PN4B779X7PYMG7YXBGRHAGJBPFBRLII91O8HF7S5N YVUTOSNDJVFTITSHXDF9K7WG02GO5  L6UWVQVSDJ00W79AERRE6CAIOLSBRAU5UV MQAXQOE96KB1HI2I2V8NO21O92JYS49 3');

insert into "Proprietaire" ("noProprietaire", "nomProprietaire", "prenomProprietaire", "adresseProprietaire") values (14, 'W2NWDGF2X9YO9HKJ40K56OEWPWT3MY319LG4AP05102DYABA84', 'QX27SL3DVSC4TGIH6GKB4V44U4L AIWAQ4R7W2FFCXP9M2DT0Q', '9VI6JNA68U6B7 G3JY7WDD0LSOA6SEULXHVE7Q0GTBKGWJQCURMCEHDWKVMA9ATJMJ6G  OLTJW4 OQU16FTY5MSONHP1UHKWS8X7NRE5SLAY96RT9USW2X5U 8OJUNEQGP48X1QFRVHB12EIDYD2VNXDA 4A0GWN52 HTLOMJQ0KPL9WBJDF2J94CLMVYB6SVG5DCRFELYPARCYDC77W2KHDBRDT8UFQ1YVCC5ETU552R4AR2DYG7002UY9R8');

insert into "Proprietaire" ("noProprietaire", "nomProprietaire", "prenomProprietaire", "adresseProprietaire") values (17, 'PUD2JJNGHCFD9V71F59N3DT7C8PLKH9X 0MSBG4L2 LW7V1RQL', 'FJEDY 1RC4RAUI78NW69UN4UQKR7X8UYKWQI7NPCGUEPA35NUA', '20MH91WMP3KKLKI106HH6E3PEILVEUBB6G4F09KUK8TGGTAXFSI2LXUQJOWV4B6PRGGJGSWM8N9ONE3K0B9MCKSBLHHMWI1KJUCTSGGGFB5PVIN3Q8REX31FW0BCCXNYNL1PWUUQ7F9HK NIS2K3MUQX6H PSRQTGWD4F5RSVAXC BXPOKPPJV JCAJPET30M0O9V8UU1DX07MAK8MSRIT0 M KS3JKC0GRUHLT0JAPO QJQH9Y2721TKA7SK3');

insert into "Proprietaire" ("noProprietaire", "nomProprietaire", "prenomProprietaire", "adresseProprietaire") values (53, 'LKVCX9T7QX25C0KADQ8D4H5G24HQTRL0V 6XP7M8MX2OHSQ5CY', ' HKMNF1APSLRWPF4 3PS1EIQOMTK 55YL033XW3DWP2LYYBR T', '0HWS2W9FFBJU3TY4KXTPTY MBIY050B9B0RUIY1IEPI JGIVAMT9M2235HU8K3MGDFCIIVDEL04R1WRRN9GH1IGTU1M362JT64QV4XO6T0EH2 P8L9V1DTWSQCXY9GU3OE88SU3NWCNIMT0C3TKPCTXK8IN9M38PWGHXLQI9TKDFA17V84AIBVWHPL1NKB0OWGEJ32P5F6G 4LL6183K3OVHMHJ XRFSPD4SGT42QI0 SW7CL4A53DR3H1Y54K');

insert into "Proprietaire" ("noProprietaire", "nomProprietaire", "prenomProprietaire", "adresseProprietaire") values (24, 'DGF2E5 S3MGQBV J8JEQW34ED G7R1JQ98NTFBTRM1JY6J11WX', 'M9UWS23W7QRYA8D060HY3DUOC0A48VMAC1D8GR57LH1NN2RIXD', 'EDH64J992FOVGJFRW21PHR6H7MQYAB17OHCN5TP6LABFGSODBPJQJXUWPYYVVP4MRUGL8SHNJEPB 4SDVA9XNH00FNPDCRE4 S0MNTU9I6WHB IQPIEW8A7KFYLWL1BEEA9B0DKYXM1VX33WUO930GGOHO7SRCXMW1G464X3 G9AO7CQ1S2006BX6E9CBHUB2DWEAVREL1QGOCMGSH5WJVVAVAEP K4EE7WFSKE2JEO 8MRPF3U142S3N6DYSR');

insert into "Proprietaire" ("noProprietaire", "nomProprietaire", "prenomProprietaire", "adresseProprietaire") values (42, 'X7TJDCC7QWY8AE0P4Y 4946YJEHAIGK92NL6QVT2O8N03J87 B', 'DP2K3ENIQ009S0M9G6DCE5EVW8G25ING7LST5FKRKU9CGFE8HY', 'F928UDDDSOC5BE1A7J1JJJMG76ILY31HWM2Q3C0IC7COY51TUEJHMF7WSP2OW0A69M5L2C1FY1KYULGT55J5JO8ES8V81HEKQWWH78YQ7 XLD R 53JHR4F4XS5Q78IG2DMM1UM5071XVGQABVP3RIREISXAAV2VJFFX1V4L0BEUQ2GRQL162JIQC 2P8WRW U7 QYW48D51ESAM0PDN9Q6PSN5DXRJVRUN RLMXAQCPBJTA7593XMM4ODKGDR');

insert into "Proprietaire" ("noProprietaire", "nomProprietaire", "prenomProprietaire", "adresseProprietaire") values (27, 'QND2EPNQLA2W33BPHJU98KD38GUT3K5DHWFYF1U8XMQOWF QQ2', '83DBA2X5OH0V M2JTPN8VHQ8E9KUYEA3GUQ28I9758TDUDLUIF', 'Q9R07TO88EB9QS 1Y8170OPJWYH7HML4TNEB4148 207UUX0W6MLSA7TFA2KUCK1OTL8FUSRDLL525O14YQEHF5MUEYAENFIEOTIV2D18TQ5IKUMDLK6SA824O5NM88ICB5F38L3NQRO2N06N8XT6Q75GQ59UJ4V8Y1LFH8W IGKFKU0B73OX6VSD8174I9E01M00N1AWG54081CXYXI1U0TN5FXBWURV1H6S6W290OY549AD4REBHGYDGEC20');

insert into "Proprietaire" ("noProprietaire", "nomProprietaire", "prenomProprietaire", "adresseProprietaire") values (18, 'NYI7P43NO3AXBB0Q B 3WUVBR6XN7PN4EK2TBMOI E0VYW3 YS', '78OOM8JP5JUEAOB63SFOLNEX4PEG08 UHNDF58N48MVYH2U94O', '3IDQRXG8MWDSG6SE9WSHJYFL4UWCNORU95AY3HIL4ENLE9SWU3N O4O9V0U8CNM3M1OPPI6PB0WCY2P4SQNP599AOV3K7BN1JJY6B4KO46555XX7WKSYE432GUW2I8JMASPP6QH8L7S7FILX37C2IWXP95OI08WIBXVR39JTO9DYWYNQ8AVN068X2X8V1O1 0 O EY5HFHUY4RTR978F XC5 BLCF81XSUK6WKGYXXDV8UKR4EJ82K9E2725K2');

insert into "Proprietaire" ("noProprietaire", "nomProprietaire", "prenomProprietaire", "adresseProprietaire") values (28, '9HD5W8Q PJS9JXJTYNOHGWHV1FCOLBF926LEH7FW8BFPUMWNOF', 'GA44RRGG4O0S6H4RM0T3GJV450A3SXIX34LNCND5R1U0QIWLCU', 'S05CCB04FMBHDNTI74T475EWWFGK9SCP EM90IN7SIO0N82IR CKXDN4UKA42U7122O7X09N3B777VQY20STM61TITRLM24G8IYPP8TTLF4SBV0FSN8VM5B13X3LEEMOI0087RTEFSM9LPNVAWRNDWQ8J5IM3VPUPEH5MDBKF2 4X2 MRHI R856NJB2QRXJE71QEWWT7NIPERTF6RPJT6U5XPTAMFFPWND4AFM39FIBIPJI9RJ YSQSP DIAE');

insert into "Proprietaire" ("noProprietaire", "nomProprietaire", "prenomProprietaire", "adresseProprietaire") values (4, ' BWK4VM JPFDVNNIOJ4X0R2KJYVBI3A88CK66TMDBRHNX5VBH3', 'L2HP703OR SQ0KF89O24J6CQ9W5SI7TG1T1 B6C5EC5SEKUQY2', 'SREJ6FA66SQ3C3W21DK48TTE652AATME6FRE9MOGOLMWF5M4P2D62IBG4OW91BQ9AWQCDL2TVQQT5HX9IXTXCEQI08V60W10CSS8C5AYXQLEY C3YSP EQHCV2D PG8T435I0YHNNKIYCGRD1TQOLNFU8XO7MPB U7VA9O3XBMNDTL8 BNBXC8L34TS48CH DXTC0STWROU8X270U9PD1FBB4AGN6XCH1GJ57QNWBXTQ9CCMA2T8557WD69A Y');

insert into "Proprietaire" ("noProprietaire", "nomProprietaire", "prenomProprietaire", "adresseProprietaire") values (55, 'D1VO9ACN4 QEDI8G B7ECRBBPKM11QQCT0OTFXT10G6X16I7SG', 'MDLT71LPPSRIHM7D5EECWTB81YFSYYX3GA6CXFO8DNGA77P7PM', 'O9PGGRTUTDU 0SEVL8QYIH647CITKBARL9SYQYTCVWTUNW  7CV3ANM3HCQXIJSOHL8CB3ADOA5WRAPYPMX4J 2MISQLYH3W IIHXAAYBGB 5S9VVYM4BE281MRCLC I2FMM28W36GCBEXCUUA7ILE9A31L4Y 6IXX2F1AAMXJRJUURTYTH607A50CI89UGU4PYXYIKBJ4MOODANUSTC0OT0B0EFI3NBEPVMLKXT8QK5R R4GQ1PWCJ0YOMUKI');

insert into "Proprietaire" ("noProprietaire", "nomProprietaire", "prenomProprietaire", "adresseProprietaire") values (33, ' EPTXG2G8S2FV41CEKQBR10IQ8 KHUKYMR2JAXKK9 DC4 PBAH', 'M6X923ENX0PD4EUC1VCJUL16GB 9M7B07B 6USX2SXAKW3RRWE', 'KNUXXCNSNQJ2OUVS1X07JBOC8523121L3HSKSEI7XJ8 O0GM M 18O4INF28308G4DW NHEF3NEJQ9SVJQ44LNVCKMO5R1DUMQ2P7NATGBEVLQWONMJLMK9YVIW5JYE7IXHDQEXBCSVBHUOSALIMS3G6DQ1MFX LU7MU0NUK54QD7HOLHWPO6CEF0WM40IOSLQ92CQETAD7O3YB79N ADUSUPFICDQQ5UMF6LBO06HQ00XRAPTJ5GH35DQT83Y');

insert into "Proprietaire" ("noProprietaire", "nomProprietaire", "prenomProprietaire", "adresseProprietaire") values (73, 'TOQ8PVMYBB76Y5JKDCD491KEVXH4H6T6XM2VL4B0TLMSP6D244', 'O51B8VL67 NNFKG6VF9I4 V38B5N1BIWB8OFESSGIPY78XL7N1', '9RPSFG3JKQB84DAJYAXET62MNT21YRD 1B95VETXQ98DDUW8O626LCEYHVQLM5V1R6PHNK5GMHEJVO9 FP9YVV6NG3IHSRSQSE6IXQ3EHYFB6BD2I7RBX3L85TEOO1V2DMXS4S4JBWX38DP7 ORUEHFN 5K3TOFHE67V UA0W7IA5ICJQRK 3P095Q5K2I7TP294I45ETDT5EOTMDTF48K4ULYBSGHLBRYFW00SNELKUQX9DDTOJ615K2U9EFQ');

insert into "Proprietaire" ("noProprietaire", "nomProprietaire", "prenomProprietaire", "adresseProprietaire") values (41, 'W36W9 3 TE14UKR8UT9RJCOWFSG71QB3DLG3PT PNB55FLMX1M', 'J 7S40ALEXAIP70TQ8NQ KSYAYPF NO5F9ANG2JFK8UIA2Q8OI', 'GLX51F10U5UQHF5FB4WCOEN7Y 419XKI5P9KHUFVHN09BXYK3O QTTOE020VKSUBN5OU46CFEDMDU7PUC5CXIQI098WDGDHOEQT9FC5ORV5TV2AYA4KH83PM58L3AV EER4QU9MSD5V4A8UPNKYPFN30QCREGI4E5XUUWMN3IMTCY9R3RVNHN6S1K3U8AAYOQ9XV34J2 3SCSQSAFTIDE96SOI2698UIRA7N0CTC3SFIP1UJ L9NAF HQ1EIU5');

insert into "Proprietaire" ("noProprietaire", "nomProprietaire", "prenomProprietaire", "adresseProprietaire") values (16, 'D7B4O63216T4GX4Y7IL35SD0J9YF9KAHIQ P6QU2527XMN68MX', 'X45V8EVFL1XRL44S5AVM9479W264RTJF 19MBVIIGCVLCFHGG4', 'D9AW7S7RBQSB3XPH9CCSB4W34HUIN5GWHG0DBGCP35FO CTCKAWFXEWLUAO4CNP3CS2GMJ1JLP D070QJ5MW4MW7PMHITA2DF3872K EFOV6XJEQCUY1ONO2GAXQ8X68HEP7COXFKH5D8129DHX170W78AC9G4N2KU9CWRKM8OBM8556993K1VDMDSHW6237XQ8Y 9QWX0GX TT9YLINC0U4I3PYVL7U8KFSOC72GB5TCS96Q0RP1X7KLNU2R9');

insert into "Proprietaire" ("noProprietaire", "nomProprietaire", "prenomProprietaire", "adresseProprietaire") values (20, 'U8L74B0A2D1F2AEM4IYCQ NNY1FQE3U RS FTPF1OVT5LIPXL6', 'DT41C4CN7YO6VMA8D UBHHMO683PRKJ71T RKCXCB0C1S053I1', 'P4BY8 QTTUVPJ4YEOI390MTR9JU2BCW8B3BPJ3S5GVIB958MCRT5XL69WPQ6182BTNPPR28F1P1KJKE4KA0QOCEX2I2UGMV0 N73WA6FHSCW1GE7ME 60WIUPEU7KUPFPVS4FILLQGM01C0UVBET6RDQSMGHVJODSXQ5DW70U DQC3ROP474 SK1CEG2FVQC5FMTA1IESIC181 YJULQP9HSDWTJTALDRTAS9YT6N5J1KWSNTE0H9VCS03NM4R');

insert into "Proprietaire" ("noProprietaire", "nomProprietaire", "prenomProprietaire", "adresseProprietaire") values (5, 'E3LLCO5JY2GX48SHEB6CL6 L UXC7PKIEL0D5R5LXXQOP8R4J3', 'SWO36XAJCSVSMAWM1  U4 HPU9W1MOTSIXFH0OPDVL69MR26RK', 'Q9IGUYW05DIUC2QR2B N9A Q1CCXG51MHGENQDD0CQIGAJM6G7K9DATDDIH8 5PJU HKL7D53LSUA2O3F93YOQ6NT MR7TTPOMTBFT22R JMJFVU7 57S12WO5Y6HINNLPGWHO7SJKYGFIP5TNCILT0U2YQ DPXB0CI7AH4PFPBTPE7713989S0MT46PQ1 24642M1KN5EV5DBXJGVKM9UNRKWMNQBLNUMI7MAVW88YRQN 4E50UA127SBD5RJ');

insert into "Proprietaire" ("noProprietaire", "nomProprietaire", "prenomProprietaire", "adresseProprietaire") values (57, 'OYFAJ9G WMNXHFERCEXGLKG0F0WBRSLGK1UV1UOG1SUF21D SH', '9X7WPAKVBHKPC1MSO4S8XGP8LFBMQBWKJB88  92RKKJBNY5V0', '69 MU8MEY21KWUCY0B0R9 EKUAM0SCLSMF0XEOBM68MC2L1X4W8830US5T389B6DA69SE MFGTV6V00E23QPAV98QV X73SO7WT96HSDAPGCR1LE0G00NAGKR3TP2J CTCKX2G88O5SR6JJ2Q BK20KM1EXUCHL25Q53E1TX3V51MATRI2PJEN2EU7F8JLRSRO QMALINWHDMWNY5J OJPM1 A8G6KVJQ6AF46V7WQLOR0L90MRFGL7TTT PVU');

insert into "Proprietaire" ("noProprietaire", "nomProprietaire", "prenomProprietaire", "adresseProprietaire") values (47, 'N7EYBDJ9 T4LAFYOSBLENIQ1MWBLS0819CQFQIUDCXHXVHMM8X', ' GGF60K97L RF5J62ODTV7FV35WBPPXFSXWUWB20L036PMH1BN', 'KJNN3HDLAD A1JL1IHYWGW4O367E6W7WU5NY4RVBQJIV74SEFLEG6UI5VSM20JU2YXG9 V40FGP65CYDRNANXMP5ADY7IUELEJ89 2PATW9AVNS57X2EECQRJVQNIONM SP 865OOWFR A1UNURW3PPXXDXLKI96SP6VOS4I0MYJ 2EGC WSC3SI733O1I097GFRY4964D7W5GOWT3J78H289FAY2JPPUASYJ 7UMMYMHNO0T09JKNTTDX4UL0');

insert into "Proprietaire" ("noProprietaire", "nomProprietaire", "prenomProprietaire", "adresseProprietaire") values (13, 'I7WW64U2HHP1G5Q62TICUYCQS85K797XFMGP9HEG5BMNXK5T74', 'YVMR2GBA9KBFE58UU5RQLGKV94AJ5UD6U 2FYQ69P JDAB43WQ', '6BOQ43PXPOE0LTTE9HGS8O U7T1BQ7B39SVDT9G3IOLA13Q7A 1N2WY4IQ1FTAPLVNY SXLCBSMFPCM5M18X XM50YGBIQ2WWFOHI Q40V8IK M193X5OS 60RO4KOF5BI30YQ8LDNET3QP95HCYF1T8WDB69IM238KRMV7KBSFPCTLX9IY70JNW0WB D5838RO5LINGOVVRTSRSNAHTPMSGSCU67VPBT9BRG58DECKQONJ7DW  E DVOMFJNE');

insert into "Proprietaire" ("noProprietaire", "nomProprietaire", "prenomProprietaire", "adresseProprietaire") values (88, 'X6VCE976GV2PRF88WGPA9K5ROTXNJD5FVR1F G9JL6FOYG3RD1', 'X17P VQ21IUYE 700 VJG1I BR6H17RTU2HAGAUC4DE5FE6MJF', '7EVPP99PG3HLNGHRX9HCT GQ9Q4LS21SOSJ1AJPIM2VWH E TO6II9RG58NY0UCKUHY5SMYARBMGTI4HURJ50ES0GCSDD4 M86AP9PO6QLQBLDUVDLS G6HTFM4EJDXA58PE 45Q5BCJ22B6NT5L9IDJ288HD5OAONHRJC4VEIJ Q9TULSUJ7HFE63QY16BRP3U9S1W0OUHIFS5O H55ABAXBPB40DD7TW4AW0AUYQBS9LOXDJETRD02UAO4 R');

insert into "Proprietaire" ("noProprietaire", "nomProprietaire", "prenomProprietaire", "adresseProprietaire") values (68, '08CQMPGXKI S82O58SI4PA0I7IWXH2GTGSMA 85TMTNY1GAW4Q', '73PAXT 04NAD4L9WI5G4W9Y14K5G0I1WS17BDS3LT61FO57QXN', ' MH0M3B8OL 5AHLT791AXR7788WNI20JRAV2PVPSYS9RM33Q6O4O32HI36EALWD4V00CQO30JG3XL3ORJOGBBTQ6B22EPKN 0YNU6JRADXLMISKJP4QG0YC63JBROTPTEMC3GC78Y2NGOG9TP8D2NB1O5JHUCDOFT2FE1WBKA0VRH8JG2RLQRNS0UIKSKT TKM0NGW67XDPGB7GKTQFNUNTNX9ECAQB5F2YE9Y87 7D6LBEDKNNRGVP8RYLYGG');

insert into "Proprietaire" ("noProprietaire", "nomProprietaire", "prenomProprietaire", "adresseProprietaire") values (8, 'I0KJKF5APP45DH205CVGEORXMPH84 54IQ6JQSSPLH28T7RM 2', '608 8O S3SW66N0G235 I9DT7U6GYXWJL89L JCTLS61U4US56', 'OORM0W0N3R0WV5SGX7FESK6S9K79IQ0EBWHVJ1BCSA69YCEE0N1B8COTKKP7CFYQSF SVCUEI96K7BXUSDL34WK60D671EDMX 7UY 72SD6FYAXDQ7TTBSJ4A733BRB4UJNTMU5IFHYVC5 IM5W1J6BQAIG5P7U5W4BYGEEQKKQD8GQMGEON8WN0AVT0G44MS1PUSUPRHSCRBES2K9F1PFAWR 7PPIB9GMYKT VEWG3C3UU0J60VXY37IQ8R82');

insert into "Proprietaire" ("noProprietaire", "nomProprietaire", "prenomProprietaire", "adresseProprietaire") values (83, 'ASF3FW5OO46OJI4W6RIYF3Q LM0J216GIP 4QDFH42WRC4WVEP', 'PFCVHRHTGE204YHQE3H270PD2GBWPV5WH41EDLC59SFNTID33D', 'LR4HMJF9PGO0UQRALN9SRDS9VML60 Q57OC9VLBV2L3302DXSXUWL0TSIUDJ7OMQDJVUC10JVFLGIRQK7USEXTENWCH41J1IFOT98GRR0F 2RQFPN8RGQ3QN MUG6N1QNFINA LLG0A SAUHXUS9JOQ7Q0M7WICFE MEQ2DT6GVH434PXB48BO5E4QB7  H72G1YELPU7 BXRA6RJ8DYNPFY60OFRGTA1V0YLU PJPJVADQUO2C5LRWA0WR 2K');

insert into "Proprietaire" ("noProprietaire", "nomProprietaire", "prenomProprietaire", "adresseProprietaire") values (70, 'CN4GDOBTQDGAVC0UB6PPONI5DEAUH326CYQGR32HA4227MN2A2', '8U06B8 P2SM1H6XWA1SC2AIC6OR4NLT84MSJ3M8VUN3WEKIH04', 'FPR4Y86HD7AOP2V9ANB56OT8MGNDU78H7 R2PPINTNKSBD394MGT9KFWG49AKJ8PTDGG9IJT33HW2S55BU38A15  Q GSJH7PSGVYXOXO98Q IQ0N2AH9E54N8 KO0XA3TBWECW9WH0YEW4FSN4LD77ANCI8PU3P0NL ICRKUR04VE1B5MPF61KYXDSYJ50M95YHFO9YCQKPAPS2UQ6UIS1X9C45938KEV2OM90 2RX1SM7FXARJFE F6VS434');

insert into "Proprietaire" ("noProprietaire", "nomProprietaire", "prenomProprietaire", "adresseProprietaire") values (23, '3W7LUK5407JSM21GYF7K0FHIWQC HA62FKBLGPAXTEQ5SDJ25B', '1DOD2MQ387D54E8A4NGI83RK7LVCTKJ3VI06T7S02JGAHI W1K', 'VJR LPT32LGTFES3NK2DM5CY85 A44MRJWIC9P0F24NIE 1801UK 6VT83SIJ9QOEFKGULJL7AP5AWHCPUJ963YDVQG7FMJR5BLF4AY36BDNG3EUQD8FG8U7NYOM63F0 444XM4O6R6MDIDBIFTP5U04J0UOBK4KOWD 28530JGCJW7H46XDN38 2L8YBRKSH E4HSJDX3DOF11B180EC0LW9RSPPD25971C0SWMR6Q9NH9SFMADOLF1R CU1 ');

insert into "Proprietaire" ("noProprietaire", "nomProprietaire", "prenomProprietaire", "adresseProprietaire") values (63, '0EKLOQNBI0WOWT01CYU4G5U8U8KCI5KSJQG4SCWHXBKITCXANQ', 'LJEB5RIJODCQDLP O4PHCQLAKAJ11O6OJW7EML5PE8RFBFEE1C', '49BTV2NMA6V A9PSK6TRQK2QCTN7GVX1LXJEBEDNWH54HL8DWTEH4W159QLPG2YXI4C I353C5 LISWLH9U01Y3LDIR7G8TYBWN0EI14FYCTF0BOV5CYSYRM5 VSEX6BOKYCQR4Q9SPL058RUCNEJTORB56  BR3II860JGX7R25VPCWIV R41FEW6FQN8BB1A17J88J 3 3CTG37T7WAVOV9DYCO6LVROFHEUJCI7IILBB6MJL4G52CY8KL2A');

insert into "Proprietaire" ("noProprietaire", "nomProprietaire", "prenomProprietaire", "adresseProprietaire") values (104, 'XITK28L09B2F647NO98BXJWAE7V53VO0SP1E4JRFHUX4R8D6HH', 'QRMQP460VFC OU2K452LSCE4M2IJBSAJVB8MTYIY417D79P3O8', 'FMIJ HE2M 0M9SJORXNG11WDC0UBOLNDO8BWU179P311DTV0O1I8XQNP7U4H5W1W6EJYOG9F03CCIU35X2PN6QG1GU7MEHMYUMT3NEP7UF1KUIHIGJ L8V RWSSVFOIBMD2TH0KWIDHT4W276UF53GK3CGXFQAOFH HRGPLHD5AHMGOY39DMA7CSOIURAHUDEPJRBGBKTTE134Y771EDU7ABRI4EPUIWEQYTEJ2H9G04W391K9FYC 2RKXM21C');

insert into "Proprietaire" ("noProprietaire", "nomProprietaire", "prenomProprietaire", "adresseProprietaire") values (60, 'Y3UIO9MEK154UPVRB8I 781KCQURK7GCGEH NIRSTBJXLPVTG0', 'PHK7RWLWB1GLD568Y6V9LDY32H KUQG8 37CG3D5E68M 7QNXA', 'YEK4U1JOY34XMJU5S49 N2WG7W15GNXD8W UGQ4 U2V4 8DBIWD4IM6X 55E15HR84SSFC1 FK0P4BD54D2HRMA5FMXX0TGPJG3QMHQN5K4DE29J69HVE908E FTEY TLW4D8V798MQOEW1TYVUWRUJRJOQ2F2U3K42COHXLPWG00E8NJ8D3FXMN7PYJNTA0FH63PCXTBBXSFBV9S1CY83M9MT94T16CX Q3APRHOES93II3DK0VD6AEQCSG3O');

insert into "Proprietaire" ("noProprietaire", "nomProprietaire", "prenomProprietaire", "adresseProprietaire") values (75, 'I0P54B19RX7JELQGI946JB7NHVGQQ6P74R7R33B4NOTVG5CWDC', 'CU832RR6QTJC ONF C4WPXPDP5OGLFI1AW0M72EGQHQIXYRMM2', 'SDM82NQYKJ5AQLR295PSR285159AS8TV1PTJI MMXCUWIVE5SR DXQJ4R5RCGYMWAGLWE7SE1QOOU2B57N6KV ACVDKU31H7H0VV7EE5KTDSJ34L813C1RQBA7PQ VMD399SAGSWP8D2EPM53FAAU0HKJE3OHOI64I8J5AQS9  XBO0MKU1OUJAUN7CYYMYI2D0PBL65HG7K4JP0XNIEH0C348XJRR G  KJ93DG6FWPQVDH MJ0B30B2F20D2');

insert into "Proprietaire" ("noProprietaire", "nomProprietaire", "prenomProprietaire", "adresseProprietaire") values (90, 'JC32R4 8XGRCVK7 KNP101EJ U01DP9SAYP838TVKHFYCDD5S5', '84A7G7CTQ9XHEP629330CGQD3EWEM0HW39WX5D9O7MWJJN4F4D', 'Y7GSPYKBVCP6MS420A4XVSXA R3APO7EI5NQ0GURGMY9TX8GVY78XKY06SCLNESKJT52TBPTA8BRMU29J0NHXV MWXHKGTL98X6I8CSQP9P3  PNTAD3XYPCMUPVH4812AG764RQDYN2MC6NTOXXOMUC6ESJT78GRW7NCREY9S3 2PK8X985TE3OMKY0DM9UDY6R84ECLAMFLF18TAWFOF8ADI06UKXL7RQV1PKTU69JAIRFF5 RFJ221JA9PW');

insert into "Proprietaire" ("noProprietaire", "nomProprietaire", "prenomProprietaire", "adresseProprietaire") values (66, 'XGG8OS8 QIEB7WVW16BVKD09MTY6YCSN0RJBX96OLWMJYJRYYH', 'LE7H4S3VK7S3DJOGEWLT18 AOB5FQCKWH2X0RDYGOI6FN6UJLV', 'XUVRNRUOP9TDLP0OWI0E2NX7ERJ3OY55XS7LCIGSMCLWSUE8O03QAVYK323UJB8HQGE2PQGI9PIYH8U7DGF0BQ E1K8HSTSO2QV35C80GW7WUJL88858CV866RO0WDDARHBRNPX06CM8NVKMMMKM4DTYF1IIV9DEMHSDPMIXEGWM3PKDVUCGVOIISP1767XUIDJAB9PW3FJWYX32C E9FP 89YXHW9 2CP5226 MAFA1MWJ G2XO2PL8WX0XL ');

insert into "Proprietaire" ("noProprietaire", "nomProprietaire", "prenomProprietaire", "adresseProprietaire") values (81, '2BKWU5ET416BMDIMO9EJHAUROL2CGTOSIBYDPH64SE FAG9STI', 'UISBNJHCRQ4QATMOQN 7RBYCWV8B6XCG9P67PEL56GXTRXWS36', '952 FH0DNI2K85UAX3O1FGODI7RNJ9EA8VLJICS8RMITMK288 GOMMMTQK 2WBYG6NXOSQKL6NP03Q6A1VBSM8TKXAOYW5E95K4K0U0MIYV J8LCUPRYPLQHO414IXHU0D6B2 BY6L5F3TBRU EQI3BX9E8620EQDF8X9O8LD7SX8FT93 TLXC3LR5IO5UYVNRCB3L2 25  O352DKMW323L0 53M4EM 4OAEJLY0E21E4VN78HVH5WIP8FTMN');

insert into "Proprietaire" ("noProprietaire", "nomProprietaire", "prenomProprietaire", "adresseProprietaire") values (48, '3RT2 QR5WIJ2OYEXM9CGLYE32TUYD5GUUTU6TPM8KYK7O YQ9S', 'RR9A6NGBJY1SK6HREM9JA3GLF98N9XTJJY2U49IVKELU7IE46M', 'LQDUFJ9G5RQLAEPT30074RTNM98XN2LDXEKXTQ1IL K32B7REJWA8K5RV7TM828E86131DE DRLSPVOO00S0KBQVT3GNHWJ1Y16LDWAADHOBN5BCJLCIXW5G62VYWJSP2E0H5NW120I B2IU9V4L53A85PO4VVI011GCPWR GOJO6HXAXUBQ1M90J 5FXRLNV54HCTN124X P6L1SX 2H3ISK9FRJU3K5CGWJEM9YER5HSQKOX DF0PP4DEOAT');

insert into "Proprietaire" ("noProprietaire", "nomProprietaire", "prenomProprietaire", "adresseProprietaire") values (7, 'E4LQ0DY4FT8UKI76BMGNJAY76OP2YMDROJE24VYS5VH2P5K20E', 'C8VI B95S3MHXSB2K4MX2SRHSK8S8IQOPHPJCYRW90 RR7KSVX', 'GSXMO4OO VO1Q31VWHY1V2TTV1IGQFQ4BJUFRH7IF8EXHBYYXMGW19KS89N5WWG9O7 KIWMOTWQCB3UEVVLKPOQ8D XF5M4IRA29HWHUCKW0E9EH5ECERRC83 BPGSF52HA60QAMG2K2LBAEEF6BYJGVI69TN80BGNDB7BNJYE  MG79LD1ITQ530MS BHN2YQM6 57YTQYQYJX2YTIOMQMQ9LGTTO2D WSL0HJ7EDRLT07R HNTFJYL8GBC9O');

insert into "Proprietaire" ("noProprietaire", "nomProprietaire", "prenomProprietaire", "adresseProprietaire") values (100, '9QA7RG0Q4HPY7OXLJNSO4S7X48YR18PDV876GKQMGP2FROY4RD', 'KBFH6DC MAFRWRWW6CJ0OG8UCYY6D8YPU 5ICLSWF5RSX48ROY', '424H7SR5DI9S9DA2V4GA1G4VEB5S 1MWKYDXRIHNE0BMS55GRWF8SFB15IJ9KRKJAPWUUR76DPNNAI0ORQAIL1F2GM5RRPMB7X71D2PK1JSS6E9UR4OINXOLM24AQK1Q721ESAM97DD6D70POKGPM81YY5S09FUU8KI12PAFQXF1FN9PHEVSSF83T2RAJQWGAQX7R2VVHW9SCYPX7UDKYFVMLX0LECSXCQVAWGA0BUE NOV4U4P1EI7UNQPK5M');

insert into "Proprietaire" ("noProprietaire", "nomProprietaire", "prenomProprietaire", "adresseProprietaire") values (45, 'M7BUPMCVWTK78B7M6Y921HNDC7VKMU69QE69YKOOP6U3FXHIJJ', 'P4B24MS7E9BWIKDE2KD7DOOH9SQIT O8C3KG32BI96HP094YBL', 'YCIPAV2DA 66PDHT0NH9XB FEOHEC0N6IGTOCMDQCJ0CATFS6M68DQ39BQJSOV95HMDLHGGVP4ULKBNC9O3YLOMKM9CMRAY1JVC9HDHJHRO383UQV8C7IS0AQ5EJXH3R8XVGBJ5UG7K 8I6JFA4OAS8RYYB3RWQMV36SBBQCBVK8U1FS3JO CNSP7XNP65CBIFGU27YYESTRKCUXVB7LGFPADW1SCX 11K03FU53XNHD899SHL1YKCK2YF6KQ5');

insert into "Proprietaire" ("noProprietaire", "nomProprietaire", "prenomProprietaire", "adresseProprietaire") values (77, '73PBS9HU5TSD5KSG4268XK01EO8Q7PAG4JH3CAXBYJCA9K 4CX', 'VK5CH7A0M0I6L18USO4L4U RJ S72WBK0G0O 9DXK71L03EJX9', '792T4UK24GVTPSXQ0KI0GE0RF1COQ70U4 263FVS89XAPN0WXY7WS4B8YIOIFT98DH7AC035E2OSQG62G0Q7F9DHABUE1DRO3LHE6O7F0UEL1NBMI4WJRVAC4MKJBR2P1EOH2EH21 6OXMP7K8F79VIUO BP3S2YDJC4G3HM AWQRKSJLJQ2C5P4OGDD85VAVXSKTL1VTY70VODJ3S1SJGUIFEQOMFXOVY4ROK9P5LJGO IA70CJDF6HRN9E47');

insert into "Proprietaire" ("noProprietaire", "nomProprietaire", "prenomProprietaire", "adresseProprietaire") values (31, 'N06H03FEHA44TKLT6N2LMXFH90FU1GU4P7ROFF1D7YBU46 3MP', 'W89 C3MHUI8GPPF4K AEG5Y S5E37EE30N QDBHB2VOOHDD67A', 'XA5G98KMK6074PKHJ0FQF8EO9O0FKYQUUE1JV92BLI07X12132XTVG7NXW0B0FEOYGHVFOR3C1BFQBLF3 CL0EFQ938CRM4 T3VF41B91CM336PCOGUQ XO7NCK0SVYV724N0IE1822VET DDC6DOJPARXI2SAYDBARAW0QMO2FRO4X1WMJ1TG62I92TAK8HGVRMC  1HB 7XN8QAHQNUGVK5XQWM3W0C1O9PLY90 I4RLIRU82I03IO6MMESW');

insert into "Proprietaire" ("noProprietaire", "nomProprietaire", "prenomProprietaire", "adresseProprietaire") values (32, 'VF1IK3HWW07 CMP0CFJI2CD234R0F6OY46881H 73X8KF2 IU8', 'MBOERP1DDI8W7JP8EOCSC11PHLW0LM5B5MGMJ3SIHTCKTA2YTF', '5SX5K95PG5XDBQOUFC6BDEEH 8D8APON4FFS11LRAI5XBOXVQM5D0GRE3YUUWSYO3ICO9GQWBYVAV3HV4MX7W8QDPHWM2U 0AKIMUQ2VF4L8WF8ND9YRGNOGPC7W0L0B Y P1KU6II4PVKPPAEW2M4RG30M8F4 VJ 41I15WKHGRQSA6QSTGXDXRRTE9LXNN9UK0LKSSKC N2U5VJ3YADMWIR00T9WL9KN9203E9ICASVS77MVW6JE5E3R6VRD');

insert into "Proprietaire" ("noProprietaire", "nomProprietaire", "prenomProprietaire", "adresseProprietaire") values (105, '572QYS3CQ4VI8XCEQNDCU3TJHJDQ RFQJSHM0A73M21694DTNR', 'U YL62S3HBBWCC7UKW9BTFEFR5BH HHEQKMBOLO014ETKE D0F', '41UFCU3UCDFK9QQ56BWKHRHQ0UT5YKY1CVJ3D6QKTUF236SUJYBKU0U1IV15N6714C4G30BBR2LQ90N7LJV6CWR2J8VNW6FW5Q3AIFPLX32FH9HYE5LKPMX1NAGFK41IVY06 QDCTL0WT218RIJTWJJKC106SU09IIGQ4CAVQYNSIUIKC1SY55DPQ5QI17UW2PYDUT0WS47N60OYIRFV04NTU0VX1BMJCB7G9WIJTTXXP9UOHDMDA87TEJOVSC');

insert into "Proprietaire" ("noProprietaire", "nomProprietaire", "prenomProprietaire", "adresseProprietaire") values (62, 'V33N20RLBJ5OMRKYHPNKL1KQFYNWDCMYJSTT5MHW53Y367NT0D', 'IYPMSJXK9M26O07C60GPD2NC5MC4UJ1MEXSCACKUQPRYPHN9 T', 'URXYU9UIECHB407EUK78K73IDUXGILLQMJ5QLYCNR86M354D0RFDG Q11NS OE00L85K4MRK9L4C8K6B9UNFI7Y4L705KDVVXMVW87FM05BSWACH0S7S1CM6X JJKKC59W XOOVAR2JVJDWB8 6CBQ UKV0G4XUWWM EARYAPXA8LOFFD7GTONJTG4URPB08IU4VX6VFMOY4I0PJHOOGI6225FA3THVIFWGDGK PSQMEU3WJ2 985GNLPUCOY3');

insert into "Proprietaire" ("noProprietaire", "nomProprietaire", "prenomProprietaire", "adresseProprietaire") values (64, 'XKR37GAAFJOYQ2A45JQTIXINWP58OVTO04E9P P8L91WQ9PH8J', 'BE3VQ6G YT3L80JN8DOYO7E1AHY1RHXCRC1XWUPXKF4LHA2VX8', 'O7FNSRTF091U6P4JDI96FR3FKNOVRFPPYXWBQFW5YDQ7B7XWUNNM6ASYIM7F5VNSIIOGOGP42IQFHTVJ8BD6AQOUD1YRU8FRHV66SN9IVBFJW2KUS232BOBRAL3MYDNW84DU0CKI8IUWM5P12K2XLC9AS4B4ES2EEIPC2NQ681DCFX ATNYT9N2 LLVSWPBCYH6WI9TEA 33WV4M6B2574E6R8JIVX8R5KB5KKY32KITE6W1HQ6S4YU8KBNNMY');

insert into "Proprietaire" ("noProprietaire", "nomProprietaire", "prenomProprietaire", "adresseProprietaire") values (36, 'N7BNV3J7T341EA3XKQRFII83EHS58W9J2JVEG0E3V8XM3KBPJU', 'PAK0EDM0TQK8FI3VIQ3TTW KCNVBPSL35BTRFWIJPKC GREYSL', 'IKFJ67DLB0H7PH2N3DE6N1G04CLC0X5X0JN9EHQ03TTF9LURKEU4BIGSWORW0H9NKHTR2VB5J3JYCYEN4T16LB5IY77SIWLK1YBAUNI2UBHMLUA3O6G5DXCY2WDY 4IUCJS4YIJCCVPH7WPJ51VX58NM MYHEH67FO4T2IDDC3LOX8R4HQCNVIENL2YM7SH37PI1G6S175RK198JNL8I2HRTQYOTG78LQWGLWFB0A64M9WS8PT4YS8PLATOKOB');

insert into "Proprietaire" ("noProprietaire", "nomProprietaire", "prenomProprietaire", "adresseProprietaire") values (101, 'LDBJF308NS10F5FQNX9L3U46MDXJYYX30PJC95FRML361VHVPD', 'KPASXJ6PT4O0PQSSA4R6JM1GMAHUK78SR83VT93K2TPHJNJE4Y', 'VF EPHQI9K06WHYER9NKWILAW383SO04O12AAUR7RMT1JY IDDLSSWNKU1G74Y1 RF2KIXELNS6NV0QAKXLH80JDTW0F4GWPYC2207J7OBLPWP383 UGYTGHWRVXGDAJU49MNAM 72MVYDJ9F6GG J4 WA4T22G2WSTWLYLAJOTOME0PWXP4MJRGGXU3802AA2 JA2 UMARKUC1AM8R0H84T P4NHVGOY8X0GQUSAU4XR0O3EPWMEDIFNB5BMH');

insert into "Proprietaire" ("noProprietaire", "nomProprietaire", "prenomProprietaire", "adresseProprietaire") values (85, '4QAUSQ8DTU96K4ATCMW2EYGD5DB376LAKXLBBQC6ESJQNR9GPR', '350JC68WI09 6FIAQSUAL0JR3N3Y8SQ8R8274HBR4TU71LV AO', 'F0PA0Q36OP3TI0U8HQWPE9JOR2E42SRSAL0WI1ISMKFEO S3J3K6N8B58W 52Q8XW08DR693BPDGBYNSJIKSYPFWUIY2FMQ6PCHM487TVXVH5UPOKSXTPSW8 UM6FY60M1LB19HS0FNM1MJ9E2E7BG0JMB1HB1S 3Y8PX8H0XS5PQ0087WJI9MAE8Q4MG42V4EVQ8YWOF M64R8FRAN202JMT9GW8DSK8 PYH8Q3QF551HNUDKVP2IY1 IJ80V');

insert into "Proprietaire" ("noProprietaire", "nomProprietaire", "prenomProprietaire", "adresseProprietaire") values (46, 'HK3QKDR9L6X1ENYFRGF82Q1D3UKX9TDQAAT8Q9857C60STG FB', '2W7QHGMA8FTFU3J7K5WX8VDALG8A5JCY7YH9IHONJH7TEUU87N', '14HUQM7P8QOXJGGO KUK420KVRQIK98K4SGGRNXYY9LPDHAR6YJG0BDS YROJ8DBOYAPCK9FOFEE2BI2JGCT2DRLA14T73VXN3LWUKUJI7H SQ4UKNNOGSVAYHK64DA35YLQCKALUORYG5684BFG9PB5K08EOC5DPDYCT2CQD5P4ULP9BE5Y8 SBXFWHYV2B2BY8W8N3  CQFSUVIYUE 62T2RUYUJNA7 DB2W0OYS7FI4QYE8 FUEWNE5TL2H');

insert into "Proprietaire" ("noProprietaire", "nomProprietaire", "prenomProprietaire", "adresseProprietaire") values (52, '5H0E18AR1R8GU8IR9QF2N IPTQVLY6GXRTCWANIJ2KKCHKFEDP', '93PGWVI18C A1KW103DO4CF8D7OXIXFJTEOWTDBUJKAT TFCFM', 'JMIOIYMK6FRABA5MHAXMQ10H1OKW6Q1MEIIU6VKD 37CBR8YBHBOMQDWDNHHSY2FY445R7P58HC0BQDHG643TAMTP9EH0F44XGHC5INBT6JH H065U3Q 0AY 3QQTK1G4G1DTRR0NQF5GOAQPUBNAKLT2NB3MAE A HDOB8 OKWGJF9GEI6YI MGXC6QGVLTBRUJ8W OT364E7N9M0B0VR7OKFOTR0QQ0HEAIRP74IQYVX URHMB5RXVY5ETNT');

insert into "Proprietaire" ("noProprietaire", "nomProprietaire", "prenomProprietaire", "adresseProprietaire") values (15, 'J9WDYC 4D554J4UQSFMJ65WQ7WBRCKDPJPNMX436H2JNJR9YKJ', '6YDD0GBV9 YBIE65DQS MHMN9RDDYQE4CFB7AH4XXR5SEE2MCM', 'S7COP83F 9K0AX9WMF6YAIPA836M98OTGB5TK21X099NX6EUMYCBUDD182AVFTYX8VH96M MX99FY OVX2QE1VK2X6EUDF5GE99CW01BIYP7YT J5YUXW34X1HNCU2E50KI7FDX8GQRST9SQSJ7LRDKI2O74UYE4WIC Q2U 4LKVQ30T0EFW92U4D3ATPEFYOISM2LJKQ8D1387JWQ2B9RHHYP30YW8KSLY3YMAG8YFTOQE27FR7X8HRR8W5J4');

insert into "Proprietaire" ("noProprietaire", "nomProprietaire", "prenomProprietaire", "adresseProprietaire") values (92, 'LJRJ5VNV9ELIPIGNBMW T1YDD6AH69E7HVQHKQXIXTID70RT5Y', '1ER525C0XDEQKSIEIN GTGT5K5YE5XDFBNTRGMBJVCEJOPM7V ', '4BDH057XWFES0LGT4XI06TQCGGD 0LJVWYFH5JXJPRRDFQQWH36N0BD5HI8XQNF3XONNJVGJJ2M00E3H3YB7 TXV79KNGGVX42MNGPI8VF3M4SCB59V5TAMUSIBII4XNW2MT5GY2KA1V7XN7B8IODL3LWEBEDMSN72Q3XH2M4I40NQF6TFRLEK5TUG1YHW2KJWU541BNJCSYY2CFEVUBRW BAPWEAPL5VQMA38I1BI9BLPF7DXT1D7Y3LHXOCR');

insert into "Proprietaire" ("noProprietaire", "nomProprietaire", "prenomProprietaire", "adresseProprietaire") values (86, 'EM623FPWPY NMSFGLOC7LDSYJ9XAI85WYQDOQ1CJNODA13CWVR', 'L1HDAA7MRW66K4V6PUEF6I07HYGXWH UEMBK2ELV52VA9UIT5M', 'G8T6FG86OWJ2KC4BV2HGHH4 TAJL3B6P2YF8K8 U5FRHFV2F9M5MH4XOJ6I90LC23GAC XS3M03PGI2JDN7260TLD9D16CH8J6LCFF6OX58  GO2C33TRXQ W3IXS47LLKYEJBLC9LC15KM8K2PB5AR WIXDW47CSDM8LTOM444 VDJBNTJE24YMID25B75OYECTPUX29STDS15CLTLB25EW3SYILVTL5NBNTX12OQ82FE8CLKFPER8MD04339');

insert into "Proprietaire" ("noProprietaire", "nomProprietaire", "prenomProprietaire", "adresseProprietaire") values (103, 'TCPI1F336JCE2B3V K5GVK31CG BVE6APDUBOGMRN6C8ISEJUI', 'KV99NAWHQCVYW9H7ES1UUW9P244XJUKXL758LBNA9RAG7RPJ P', 'X4R9EJL9LWP9MG1 I95T1M6 ML8FNX 7A2FKWSIPAUXUU9MVUW3G2J7HRGYJ4F67Q831P2SSV 85AM1X2YGJNC6MVU24OGDD4BX85FGO0DRWT2UK14L9FBGE65B  A2HBVG 7CC7JYY2WMFXNV5 K4AG1UT69JI AEG7BP1T7JJQHKYSUP06TUM4P7WU7BS XAY HUWOVVH61QCKMXFIF 7CJF8C33P88VAK6F2LFO4SM9DCXUTV6GMRXLQ4PQ');

insert into "Proprietaire" ("noProprietaire", "nomProprietaire", "prenomProprietaire", "adresseProprietaire") values (96, '9BQ20E6MD1IT4MYN8MH1M26P61TIJ30GHK2SE EEM9GPB5TPGN', 'H7I61AKH3UUY7A7KQ37GK5WW9316QW9XW5RI6 91C6S63V5Y4K', 'V59C4CHKH0QFY5SQHUULY6DK6MBRKWCIPS TAWYRV0POVXL60ID9WKV0 W3U9EX4DWJB0WQXQECQ 2OY CNSXD1XW6ROKLROSU0SQ9GFBKMXOK7V93R3P RVLPTYJMTPROI260AYPLJFOMU4G3WY12JQKCSDHQI2R29VEAWOQ85BWKSD0E815BAV Q9F0CU33DFVPGL30TKLNXSK3OY0HPI0W0UL11AIUM8LN027YHW7FC56O8DCP99C3449PK');

insert into "Proprietaire" ("noProprietaire", "nomProprietaire", "prenomProprietaire", "adresseProprietaire") values (58, '0OLN T H3B5TVHRQT3AXUINEQAF2T8S2LM36JEJQ9SWX4VILP4', 'F98JIG401SXCHW3L976J DEPC12H6BTNON2K1WILFAIH 15I6V', 'XGWFYJ4LOBPU9W1NN1J3OFV94D5JTNHTBHV6W29088AAUGLSMD6W9MA254DHKX3UJH7SDFH823FVVGGXYUWXF4G6 YYR48KT9U2XRTIE4HM7LGAA1GV5J3ADRMTX8H65MBIUEBDQRE8M8W0DSQW70KWF7AL2OMIBB18IRXAQ07A553VQOHOCAHPEJLU2BEG0MLUJ9JTXAPPEMCC5Q0MHTODGHJRBXK328XN5EXT3N33N1R8JF 084XWWBGF FP');

insert into "Proprietaire" ("noProprietaire", "nomProprietaire", "prenomProprietaire", "adresseProprietaire") values (94, 'RBMYYA5D6LQ1XWDTQ2KE1912IJO2SE9IW14QI5BHAPO55K7Q3S', 'AEP 1EWEPN4HHEW170DPCCVRGM0ME39LLPC9ABIJDHT853L6KA', 'I7SXOPJS VHOSUW5WIHPN77S2734T8WHFOC6L1AJ8WCQHJT7DY9 DG5 UYV12SOC5BQ2Y0266P6XRWRXTPIO9TX81YBMGT89R42PLFWMA7H0ENV0BREJF709LMKOMRLAC4LEWBRI 9  TW5UY3EEIYPHI61APDM506YMRA92UKRYW5AHVJ9AOS20UUEMDWY7X30YM8U6CS464ATM8S0FNUWJLOL0UX G9KX5GHSF2GO2HN2MAJX4NOVHWQX0VH');

insert into "Proprietaire" ("noProprietaire", "nomProprietaire", "prenomProprietaire", "adresseProprietaire") values (84, 'XBM13TAOGPFAJ6V3BAY45XUPT1Y5C7N44CMY81SWA1DBS6C3D1', '4 90U RMSK3URPU005XLJRJF P9YUMVMIHJCY1D3X6IYAORY8K', 'WL8654QT20M1C8FX3F7BLUG7CVTWW7P0OY3FF KCGTNW9E2BRS9MWADUIFIYBH7A2J5SRWFNLDRAVGWAPYSR 96ACH7NARMMM NIEBHQRVPEYF3TDX329OAQL31M57WMNK VYQBW557AIK88YBIPHPLRSVADM1FB7AIY9V3YNPYYT7JAFGFQLMHC767CLS388QNVFLI3YPT9GVN5L8A6WTXVY 4WB E5D7TIXVSWKXK2A8TE AJWXWE5XXCA8E');

insert into "Proprietaire" ("noProprietaire", "nomProprietaire", "prenomProprietaire", "adresseProprietaire") values (3, ' DWJHKPONWUA7U7M9PJK3NVCUF5XF1F93UT4412OW3EX 790A9', '7N 2OLC0LCOAOTBEOYFD7TWQN7P5UL1J SLUK OJ C0B9GFA20', 'BE1MGQEWODQU10G4T0XVOQJNYCRB9M6XDNGJ4AU GXHM5PDIWCJW6ETW33U3817ONYO7AVIMYBO0SPRKX6PWLH6RXEGUPFMTPTFKJ1YFHTWFXFLL8Q45IJBF2OKW5Q3RO4A4G9Y8X0I H640PL8IJY69NRX41OJ067M3OXNXQYQFI7WGRQ9IB40SBV53W 2AGQKCVBFNS2G61NRPCM8CH8BPBMI1A98E5U EONXNL6GA4JTNX1 VSHXUD36WS ');

insert into "Proprietaire" ("noProprietaire", "nomProprietaire", "prenomProprietaire", "adresseProprietaire") values (76, 'H73GTX5S8R6VV1EBVW8RC0 ANG9Q0PA6LK 0BJFAQ 0PORU53 ', '1T2HSBLGNFAGYREU28295VT3TTCL0 L1FSUQX20 IKE1Q331W0', 'QEK2LGT 3D4K7GVVGEI71LXVW7QQ150JLEFAWC3D6CYV12EGC7ORTOOENX7ES2K96R2V3I7PNB44 5W2FEGQEXUYRB5BVF7E0WBJ951TB67TXDIFYLGKRT896UD6JTK11HJF61DF9YDTI4I1FGT4LIO054A2SCG7DAN5HO46TV8E4D4GNU7NDS4S5XUGHWKVG82KI46LM908YRN0PTUSE1G4X7H76WRV FR4G6G3LNFF1ME2YIEMOFMDK16N9J');

insert into "Proprietaire" ("noProprietaire", "nomProprietaire", "prenomProprietaire", "adresseProprietaire") values (67, 'PIG3VN94I4OCLOEB9439LGBSLSA97HLGM7VRF3X2K7X BOJXMU', '21AU21YNP6HEP1YFG4YE4IH6ERHKA3CNGTVC520A51JODCRIT2', 'UX057K89Y3WOPH3WQR096M2PMVDOFHVKPQRRG1LHNT26NBO808SK O68GS HBSYH7TUU250JKFS4K64XOHJ221F46AA1F47CAO252WRVS05OBUHV4HQKDGX3UDH3TC4YXOKI5OYIDIH48EPOV0307YOIKY0G7S Q33R F9E5HUCVADFLETPHI4FEIXM7P8VPT4BRLVR68SMKUQ4J9IWBRSOITYBG1RLO5V86U4EMT1IXYS 10P9WWBP5PQFMFY');

insert into "Proprietaire" ("noProprietaire", "nomProprietaire", "prenomProprietaire", "adresseProprietaire") values (34, 'DMCGPBUKPUYYG8DXN862ECI 23DOLT4BYJ54MI0LH3F S8NWA4', 'SSM2LKOVKDP1F77YYG2HAVIX701QSGVXMWQ7KPJMLSLC1HASUH', 'S 5BPQX1J5H6FX1A1C8TOSGFNBDTJ5OQUOYCB34153FR4L6D3BL6CRF7BP4OHP1HYHQTU39  FY5K6YNOHR4PPG9DM7NG3EX3QMFENM2KUEP22E070DRHMLH8100UA2A HUSCY4Y7L2M7R6WSS76PSH84KTYDEY25CMHC95O1OC2U0G2BAYEOIB91I3L2OHBXO9VC MQWOM12NXOJNHAYCQQPU7V4LLEDG2DJR0YGWCIBORCVPKMEX18P4LP6P');

insert into "Proprietaire" ("noProprietaire", "nomProprietaire", "prenomProprietaire", "adresseProprietaire") values (30, 'IQEWPMWHFX7A2T4C8YVCLKN4NLS6DJWGKYRMTDRFY91J1VQRO3', 'B 07MHSUSDSCOYXKBSZ9C3ICRWQVQJ6QYO3PGBTQ4U8W7CGSM4', 'S3DCB7GBBM68 CA9R1NW1554XPDMSW0S3LLLFIUK1F8A1A R67VDTFMWPIS896RQ1JG6RDSL9FOB1 LLULCXS1KE7HVKL4ULPW5PSQMLK4A6I1PF3HPYWCWXSTBSBBVKP4PGXI Y2DLG3W42TGCK4PXYA2JU24W161WBOGR7FJ CDYYGFKEJGC6278S8HX3ITV9WK951SAKQ0HLOT7U7YEH0ES457Y PS84E4ILBWR83PQO I8DPOXYSFHAH C');

insert into "Proprietaire" ("noProprietaire", "nomProprietaire", "prenomProprietaire", "adresseProprietaire") values (99, '8LDFTDHGLQRC1P95BAQRHM76UQY34 8CL1F65PLXHIE3UPBIVK', '3GKBJOI YEK9VUK29IUU4E65GKK59NIY29L74KOBUVV21I92YE', 'FGV7NQ QV0 GPN5Q5THXJPQW0E8LVOI6GPA7QFPB0AUBG84K9R9WML8494DP9XJEGOV31PYLBHRNQBD2HIX8PEDEPCYVL1WV2MY50EFQE1K7J1Q4NY1DMTAEKLJJSIFD81D1Y2TX3MN4Q81FT5S6069PCL9JJGXK5IITUTU5L WYVB5MBAR AGHSU8T5DOB3BUB HIBDB1QPDG 9SQ7FNDB15HD1ILIDIY9FIM0F Y5NDDHR5 TM360RMJO81C');

insert into "Proprietaire" ("noProprietaire", "nomProprietaire", "prenomProprietaire", "adresseProprietaire") values (65, 'ODH47VBWX88IK6R8318FC PY1K0P7RC160OFQ59YFAGC1OPS1C', 'THUPJOGCSCNHCER8XL10PYDMRT8KO0IRBHEPC84 2T8Q2 VO27', 'GUSXAE9BR2LXLNTJKHLPT1DVY6VP 7SM5TG1XOWCFXFE5SF0AOLQ1L11JCVI3WCWLI5N8AC6XM2WBQQJNJW0RLD04CSLAI48T SCSSBY6KB57FYIQ4KPURJP713QHT9BXBITO3BD46B3G97 KDX4O7EO8ALV USJ0FTYLIMXSPIO62COC8JO5HL8PUA5S5D 75ERNSAM5CI521YY7GB OHL85AKTAMKAO8CFL249A7CTCRHUBQESALN968YBGK');

insert into "Proprietaire" ("noProprietaire", "nomProprietaire", "prenomProprietaire", "adresseProprietaire") values (95, 'B70BIHQVQD7EO8YKIDFIGQ4ARTRNC44M34I68EW3QSCIRH45 B', 'C2GE9ODD42 MYNE2HKC12UHCV 3LTFJPC1EM2RVHQ7W15V3A0O', 'NUNBWBNUT69A87RA4 VO91FIQIC3F7UPQMCXNWL4PF8HQ K1SR6SLS5FOWB939H7NA0LITP90QALMXKUB4GHG91V0WPYFBWK27XMLVTYOGNC024Y6Q242V5T4Q9D5G8QEAHBC2AGGKIEAG3 PWBV245O59OMBV42U7YUHH0AVS383GW 0LLV8P56 XPM6YQBE9SAYFFF8EPCCFFGYE97RIVIBX4BB7QNUCEN2AGAMEL0A1577MTS1JJ9O2SHM9');

insert into "Proprietaire" ("noProprietaire", "nomProprietaire", "prenomProprietaire", "adresseProprietaire") values (29, 'M3Q02JOPQILLLJTOML8W4N8EHTN5Y0LWHP FIF76NBIGWV9RW6', 'OOPXAMR DNU4XLOBHV17FSFANTORI5AH358XNABPGUXWTD7I9W', 'DMP37UDPMNXG5JF 2K75PGRYWGASIT70F7CRPNPEXPSUP1I7Q56LE0X28H787YIF5RU8FS59W3NHOMNR6347G2QDB586QE8MD434VV5CNSP1H74VYVSUE9SIKO 23KCWGGSLOFDVS8YQKPMW9CT3V U8SOV07R3RACELEWS8F76IFV EOUH5GP2JF51P4A3RAT4MPLLX80YXKFG1E2 WTNSHFLFLV73PD90W8SCNG8L8LYHP645TN1PD9SSPHM');

insert into "Proprietaire" ("noProprietaire", "nomProprietaire", "prenomProprietaire", "adresseProprietaire") values (72, 'V3DY328RAF3JE9YR2K1IVU0V4VSORQN7L TOK5 FSFGB XPEYV', 'A0CUQT W DQLTPXYM5TS96CCXPUD4DRUOVT4JG8N8EXFF3XVMM', '8I2IU8PLU8TX8A1XSC7KQ4N RLW1MS3GX9BS85V36OKJROISG6AA6NLG5PVX77TLT5QQIUG8P4IXVKPTQGPMRV8EEHALN TRUMCCT2AW2VYD1U999PCBHYDNBSPFRTAOA8Q23D5U7ETJG0W8XIII6OVWXN9C71HWMM3S1TYRCBFG88DRUN5QFHMTM9MLFNLWNP2R58J7YFRN3CFSG4N0NJHW00YWKBY3GITLO2UQSM80OTU5H 1NYLEM1D0BMC');

insert into "Proprietaire" ("noProprietaire", "nomProprietaire", "prenomProprietaire", "adresseProprietaire") values (37, 'GITN4IGWC0590KTHXMJ9WI6660GSADKRXBM10ALJT8SGTX0GIQ', '3LNMMPC0OVVRJ8U25  08TD79C7OF4R S0PGCVL0 17QP 8LPO', 'VRF64EPDUOY0USCSILYGRFB2DBU10CDOO4516M0YGDQU4Q92AT40UIG2D9YTQWCYS9KLU698R1RI3XC30BJ6UIUAEM3PJAVGL7WHEBU8RSYKCVA0OM2OUET6LGBT8724JWLIQQWOKNHQ IMI73UEIKERYQXF6TSJ24GM6JE08ISVO4L3K 8DXUFQOCJ1BLQYQNIXO937Y9M0KIARUHYRTELIV3273IB9243PPRHYVM1CDQIB1Q YDU82QNLPFW');

insert into "Proprietaire" ("noProprietaire", "nomProprietaire", "prenomProprietaire", "adresseProprietaire") values (102, 'EJXDKMRJG6X3WGTYGSKYPNVRMWRHOML52HU43KXV5TQN06VN 3', 'IFAJ6UX IJCFCJ882669RLIY3HWH03TETUCG5X7U  1RI8SFIJ', 'S2L2SD6DVO68A7CEX39OJFC9L3HNNGVI6JYYIINUCA3N 27FW5L95U0 LXCKWJGG8KR4FU59SJXC LA5N779N16X1KNTE5PDKOOU0A86TOYPGLFE3MAG5Y5AFNNRDPQ5I2EBXW1KUPHYT1Y90D1E PUP3HQKGR678KNL9U5Q39WBR0SDX6OOTMN8519FGY6ALO6NAISGKMJUAUBO4CHPL4HDFWLCJ7FLCJRELEMV0QWKOXJKPTRTJSSXMC893H');

insert into "Proprietaire" ("noProprietaire", "nomProprietaire", "prenomProprietaire", "adresseProprietaire") values (21, 'EVW2C62HA5EMI3Y 4EYSP98VIRW0 OFLW1EFF92KNIO0V12E3J', '9NS70MVE9G7TV9WJTILTBFMFGL3OVN8D95E1AW30J3JQA80XN3', '6PX09M 8VK07CCIVXUKAUA5EM65BL1TY4NNIH2ORBIUAF0KEHQB1487TFU9E6GOYLSI6B91183NVM9 GRSF0YSQ5B YUJ5Y EYCSOSS7F2CKHQ61T13TRU4MV2 I8P6MUDRSI2WIAOKKKXTEBXAQ1B L7 X UL5PUM49TDOFOGSRJAUVD9TN9 8LX26H 6 6SSNYJ ML0G8OY4J1NA96YJ0AA0STBS24M89AQ1KS82YIKPEICLWINJULYYQKJK');

insert into "Proprietaire" ("noProprietaire", "nomProprietaire", "prenomProprietaire", "adresseProprietaire") values (6, 'BWE  UVUO GLJ9A4EDKY6VUQ57JJXFULFGLK5P9WFYT1KLJH4D', 'NGL1LI2US5XSLNGF1V4KMXWXLGI7RLB04JEXFYUP0LEQCLJGY7', '2TUVOAILNVU4P506778AWKYJGG6DNVCOXNEWEQXK7 TT411M31JR5VGWV1Q72LH3V8U0RX4U BPTIEFXE82XBNTYEOXS68QQDA87SX96VAM420Y1R16 VRQXNTMV2VXEAO7 EFJ94G36OCGO4YPN2OVYH45KIEWVMFU85R6N9IBV2KSJPK2 YM 02CEH57HQRST7IYFU3CYEPFT70O5GADV3TFVIBFNJB3BLOML7NW5HVEH6R8E PGB1HHG27U');

insert into "Proprietaire" ("noProprietaire", "nomProprietaire", "prenomProprietaire", "adresseProprietaire") values (25, 'HAEKNRGMPBJ677KY5N0TTOCSUTCDD4WW5IA8M27HTAH7UP0R71', 'DEM25YQ720XBUFPB19VOBW KS8EHUN84XYHCKJ WECNYS0TSX3', '9P7U1IM2Y2CFO5MKRV1AVTJ 5K1QOWQWCNNPAE3BWMS8SVSPKJ730O R8CSMJ6MNUL3HS7NXS WS9J 7 GT1WOX8GY9PMHEUUOB7W7L715WQFFL40PTQ4B3IRUBO0TBVD0CYF524318W48S7QAEURJ D4E3GBKGSIKI2S5W7EIP8R2JU96Y8HMW7HW 1PJOCE6DYUPTRIADT8FL2Q7AYGCV4WJNNTYMU6PV82S9NX IY 8FJB3F6DTQTEE3LWE');

insert into "Proprietaire" ("noProprietaire", "nomProprietaire", "prenomProprietaire", "adresseProprietaire") values (79, 'EYIIL6NX6UCN07W YS6V5YMIWH61247PO84ECQMH NSETL9A0N', '0QJIPCN 2T5SOGPQWXYHB53SBL8POIIE6C40 SIHV8S3VKN7W3', 'NB2T4OFQEG86R11RDN8HM9HK5P3HKEPWYH83L6F9BD1B0NURIEOYHNJLGU3PKQHVKNY21U2JRBXRFKGDPFX W1U7VWIVYD176TH4EUX4CRMSGNG4K2AV 886D9JPSCP2DM6M0M5 DYRJUYYYKA2Y763POWFUFPD4ECCRFPAH0P33MOL7WPME8 9CBJCSKTFFF CPHRJE6HDG16ININC92Y61MHM 42TGB5LGDOKXKIEIP0EF81OK0IU8NPJSB1');

insert into "Proprietaire" ("noProprietaire", "nomProprietaire", "prenomProprietaire", "adresseProprietaire") values (26, 'E  535DAEU47VRRA51W FR4URAN454NJ8XH1LL3FJFJ56H11WR', 'OYD5PXMFRY9R810W5BDH AMJO68MPOQCMKMRV6JUJLDGKUEXAP', ' 2O4J FGMOOJY2HSI3KH17K8OOAUEGMJWI0SN4E9FLQ2XTIELOV8X MVQM78M4VF5HIREN8EB3S76D6SYH96VL9BJMTRKV3TR169B78D11NQM875DCMXDOWN7PB2ONNVAPT8 DVTYK 37ULP9GLN1R72BAQFEC40WC 6 N0H C4DVIL GEPAG94Y07TR8RGR890BXDQDHE8BOIRKD64DAIXT O5MOJUSF61JHWFKE5ABMXX7 7X16R4BFD19BB');

insert into "Proprietaire" ("noProprietaire", "nomProprietaire", "prenomProprietaire", "adresseProprietaire") values (93, 'GEY7JX5 YVMAIPCUEINDQ2BQRWDBHXGJDBFEOONQ5S5UUP9JLD', '7MOQEN74XCWDX97BAJ6U9C8VJ72FJ4QVN284NOBAV3AGBMDNEP', 'Q 97YCBCRB8G0HSU5URAV7U5IC3ANJPJVAXUHW6VO1YJXH98WKPOJC0Q7V7VU1HOAW7232SGEB42AP6WSLC BLFHI1M1CYA0B5F51CX1FVS367PMRCS8CUX955M K4SSJGFVBUEEKLJ2HM144CMVJHAU O2FS2O2THJCSD2AVJHWTCDXBAYRLPEWA9DE1YQYB0P50FSDPVBULB0J52H51A51INHE3NPCG B7E3H4O 8L187CQODP3NFQERSCKK');

insert into "Proprietaire" ("noProprietaire", "nomProprietaire", "prenomProprietaire", "adresseProprietaire") values (82, '55KQBC8D2TLQP Y E4JGOGOPEYFJ7IVB7QBFUJED2RDNAFLJL9', 'D6CN1D579FWB6YKBDNYVGLT0WY0CLBR23CLKP69DRC7JVHOLSE', 'E3 HDX3411QCW73EANEBDGUX8E3QCHTWNXWRC21 HG1NM8JSLNTARX3UHBURMI1FAJG99RYRRM3P5IW IGU3AYHT9PB9OL3L9H8HONC5YQMITEJBG3RDBVEXKPDT36RIH827POHL2TP6GMIPVH0XNB WGB84 7HXW539X9G48UN G9RQ8FCPQF833HB0 0KAIIPQH73FKR1FPUWN0OUTFOVKL0EK9B2OBILR3P1X7BQ2NCECSWSK70E03OIYK9');

insert into "Proprietaire" ("noProprietaire", "nomProprietaire", "prenomProprietaire", "adresseProprietaire") values (87, 'OVFR3ECWHM8U4Y94AJ17UMG1C9OSN23W40YVVJ87UQ6CAS HAT', 'CON7ARUTEIVLX52E23HPT85LJWLDGQ8F NFTKP9X6DR3A43A6D', 'TSD8QQ DPLB7YP92HF4LUB0Q5SU4WH2EG1SPC4T89560471R62L9VOFJ7V1W7OKNCHOU0LYQOW AYO0LA5U71EELEYYG96DEPS5EHY5NQT0FGCR4C7JRSDLEDCW68S9DHCF5W7RAXLMQYLDBPGC1WM1XK 6BJHOSF5OOMGN8MH3GYYHIJO15CDEI7K52WDF62V5JA 8LVHUPC47JREB2F UX9C7JAQ0KPU46V8ERL79J9 AJ1S0OQY2AH9RO00');

insert into "Proprietaire" ("noProprietaire", "nomProprietaire", "prenomProprietaire", "adresseProprietaire") values (78, 'RW1PPPMM0PLI98GE0OLONHV3MF99E3OHQWM6F T3CFTSPOTX5Q', '7VI 2G5RMX46HLDIUIPWB18ACV SYVJQ6VRI85OKTXR4DRC6HP', 'BAF1WXKSNNEWSX3IW4VNWT3 A7FWAFLRV544U1VF JSIVOKVTAIGV4PWANGK9KVROEFD9NJ1W1XM0JMECF0BS9YOBYN45S WALSPKUPPGBUHR8KK9C70JQIG8YX6KRA7SQES7MNM8SBYNAV1WAOY3XFJDTXX1YIYRA9UMS07DDXMA6FK6UTAF7XEL5596ULGD15TB6PXIE OABA4H1SQJTJMDYTPNQR9A8NASGXJUJO0B USRCKPHV50MNXH3V');

insert into "Proprietaire" ("noProprietaire", "nomProprietaire", "prenomProprietaire", "adresseProprietaire") values (98, 'UADIFC 72PRFC3C15GL81KFWVMBQUVRA9RI9YIDFPBM2PPWVAW', 'K17TVT7BXMHY2M8EUABU YKI5BOMYNIATG4VLPHBUSI70OTJSI', 'J2QI1GL84U2WU41CRVHJU9AETGT1AE8FROEWI8C 1VF1877J QMX532FX1 CH0RGH3LVX6N5QRPVA2IJQYQ5RLYQ70M7WGHV3I3AYG40HU7PA8SAJAW8ST44JQUNNK6L768D3YGSWLQB8TTM5LOO1ER97T94OSODSLVTL5DMVLPTYNF7OY8B7Q2RPXYHP9UW1DFPGALJJP0R16IQGI6HNRB1UXNY5SJQF9RHH4WHCS24WI P3OQTL7TJOTH8DT');

insert into "Proprietaire" ("noProprietaire", "nomProprietaire", "prenomProprietaire", "adresseProprietaire") values (106, 'HY08UN9RA2PXY5HDGUC1TH6ASSPPELPPLVVQWYJR3L59MV7DVI', '2J8PQ7VACTJ5KJU5CM5RU460Y7UNTRE0A6URSYC38WR0T5UR5J', 'OER8E2953A0 T9NFRLJXLF0BUJLT8CCF9A2C9R7I QIJSX9CSQ W1SO3S8775TYD7OOVX8F1HF5U0BFD4EVHUU45 RFJ GR3KT86EMV5GYGI00O8QQ0LCVORV3ID3M7METMU9E9YTSC7W BBPTDFBLGVW7VKC GQQO0KNI27JAVTANCP5NC874B3JVC23LGRQCV87AKCMRGEBTO252HGV XM9VXY90XQHOYV2FUG3ES4NNWTVWOQS5RENUYJA4');

insert into "Proprietaire" ("noProprietaire", "nomProprietaire", "prenomProprietaire", "adresseProprietaire") values (11, '2PYFKNDITXL132QTF3QO94I9DCGM4SON5UD  BRC1K5Q60YRVT', 'N0HE9SPFCHO 98QLJ8N6QK9BHS06ULVUHO5737QBJAFFQD8JBC', 'FE5D9NY3Q8 9VCJTFXIT4SWW1 8A285982 34W4UU3DDWKQAG3AF7KQ1SLNP3LE4FR7E35ALL3DMFGGIYNF8P3AOR2HG9D0UV51R10TP4W6UASJBOL7OLO6EJ GR0GL 7ITK5AIYGWWQJLCY6L 27MG5II7U2X9HVVU0S PIA3SXKXP2QW1L1IQBSHGQFXMN2THDQ7BX562 151OHISG028OAE0GFWU9RO4NY7S7EF0AVN99A0MM72KEPFLWMA');

insert into "Proprietaire" ("noProprietaire", "nomProprietaire", "prenomProprietaire", "adresseProprietaire") values (40, '8D2AI964Y80O4V51CKJ7NIX9CUQHOV2P48LIGVVXD8MXQV2DX4', 'TMX2GFX3D6JNUS8110J004S9KVY6PPGICGPPSGLSP0HJGHUL0O', 'MHRC6WOF0P2UW8B1VPSPY32L03JD3UUS7VKH3 JHJ92341U2T9GI9OASAR1OA A9CFKADQA2C20G U8NNKH026UYPR8I4YCNBITQIU44 OCVWRJUERWGV8YL2Y MG8P5YV9B2XDPK5BYBR5VPBGP8F7BOIUF9AD MRJBLIR OWV PNN4M4RCS7EYH382HGMO6Q5LP18EFQUVHAY3UH4L3 NFUOB96WYT1T9P2T0EKWQ58A8IJ3PAU1BUPR1FBT');

insert into "Proprietaire" ("noProprietaire", "nomProprietaire", "prenomProprietaire", "adresseProprietaire") values (2, 'E1 EK2D6KEJGB1T4J2WLAIPPSE8KJB FSI JJD57GIFYHIKKL2', '7MK3QU4DX50LIBS8I89L7TB 1I4XI DJG4FC7KOFAC2QCG7 O1', '965FYTB4NQ81W4IB 7E2EYPK2HJ54M09LN1D0R53Y666GNUUY7PYWSEOUPD23JC5DDNU 4CR SORC9W95M7NNLODW5P88KHD9IJIA L43OJN66BWWS8HXWBJPILMLRIN7ITE06R1 524H8QYS7K7SU422NOR3SPQGX1Y48M9JO5UH WLPGN 07YL2O1IAY84IFD0B72H W5V7JJTSDCB8GOU0QC4OBDC5WGU2YYATK0PGSGKHU28SP5AL6TBDI');

insert into "Proprietaire" ("noProprietaire", "nomProprietaire", "prenomProprietaire", "adresseProprietaire") values (43, 'R1S SHBRR OQ5QV75O 3E1BIL0Y5FQHI509X815ONC4XU4YLBN', 'YWSC2UAK91Q1Y8H7OWG5D0KJUH3T7496YCPNAO48DN9N4W99EO', 'ERICI2NV86SM77T6DOI S0URDDOJ45FTNPWX8T42TJ 5NOOV7XV10HD0AIHHK5K8GC 0WIBBQOPEXU6MRYTGST2JVWHTW6CE6UN2B1U0YSMR2S8X BYRMKG36QFIFL2JA54QSP28J1KSN0LURI3OMRS392DQ02UN68WT667PKEQ7SGQ72VD3ER5K7WMR1QLABVQAUL7S5UMW4FXDVP724DE853R1D5YO9VN7QESKE6YUSO8F878QHT5G7GP6I7');

insert into "Proprietaire" ("noProprietaire", "nomProprietaire", "prenomProprietaire", "adresseProprietaire") values (39, 'KFKI YIENH7F0DJF6AEH4PHY4J97B2JGG2Y1FC 21CG5YGMDGF', 'VHTF26C34F D3DEUJ7X07RXI60U0ICRI9K7DSBKS5H70UYF56K', 'DSHT0W9KHOJ5QAJBI56FHGNOS9MNKXE925LAERFDLIPF9IMXCVSF7RD1JAKBV7I23Y6PQCRJ625J51QE6O72VA 8DXAX92XR73VH5G974 6Y9I8558J6BV76153XTS5X 4CT3XIW2L11QQYW9X HOGG22L9MRPCIS69XDUMLGV130O7U8RRL96JKSK58PE3WQ5DVWD7LGHL9SGXJLF22SBVP915WHJKUSIFN2XHO2N2M1DI O78B5BE EMMO8 ');

insert into "Proprietaire" ("noProprietaire", "nomProprietaire", "prenomProprietaire", "adresseProprietaire") values (1, 'GK698CCOEA8X6BF3LQK20132K16KE5M4BQBP261U C4DVJQXCC', 'FT 4I8RBKIR4X5MK81LOLM4C2MU 8YRIQEOSOEM17OA 488V4X', 'GJME75D 302DU72SXJJ4IOKSL7UK1HDRYLOOI5Q8A407FWFDN03S9FKGFN1SU7L0U AR7D8HT17FAIXTPLXITQW9F17XJJU2E3FS6FDR 4S WQP2NXJ9MLN8NFD7O8FEFSYKCTR7L4NDU654KY3L215MOBAHRSVOA8HINYG209GVOEY805LTMX1SMKICFPYNU3DO07OU45NC1T2R7CVUS1696IF0BDTAICTVIS04BRICIRQ8RQE922TQHU6B03');

insert into "Proprietaire" ("noProprietaire", "nomProprietaire", "prenomProprietaire", "adresseProprietaire") values (44, 'DHYNBCPVHB64OJR2IAHB0YK0AIJL4IRAWQF8SAS4TAHV698BS7', '4OGNBIB8C30WR CIB10FOQB96WICPYO0RCBQ8M89BO1HV0BBOQ', 'UP7GQH5U8PLI01TGGBXYK90LD39OLS91O5G9WK EHHD9 AN32VE2IR73M9RJGMRAA06 RT5F6KP60LPPNWHJ3BA1LGQC5N9WUW BNNQSX54WF5R8JIX603VPK IF0CJSXIVAN1X8QOOHEQMKF24AQ NB6BXK0VDQARHDLQWGTN CUT4I7YVIHHB A2CU01NH PXG41W0OS6DGK3O4VLXBSMQ10OUK98NEHUSNY5F3 WSRRFOMK811OCJV4BI3P');

insert into "Proprietaire" ("noProprietaire", "nomProprietaire", "prenomProprietaire", "adresseProprietaire") values (12, '7OKAIK7DE5 2BM50CC3EJW4Y63992V7HAFKKVXAUX 3B4279VR', '4P35XECJEWXG5MODBPPHNKHNK24V7DCEPHB5MLD83B07EJV5M9', '0T5HH2E5 177E9 T21IY7P8OA8IG98Q4XE48HEBXO5CODU7VX4U5I89W9JYB0REXYRKC5868L04O218N18XDNC9565I2K9V724XP9JIQ4PHQAPOLDMF0P37WVMO9HCMQBPX83KOOO8MHD4YQ C6O90S8ADCOUYXWQKO4J1Q0OJ1P4 9UYHE1D1IWFUN5BJVPGNGMX4LBLFHD EH9DXK QHMC8AXP VAXKUU78AXUYN0LUVF1EJDIH27MQWYKK5');

insert into "Proprietaire" ("noProprietaire", "nomProprietaire", "prenomProprietaire", "adresseProprietaire") values (89, 'AKFYAOEPG ARW52VCXKP0TV2VD517GH926RPDQJQ 6RQX14FUW', 'T3UCFQX1TW4MO8GX3UITOYWUD4SX2NF2XKQ9E6FMIONHS135FD', 'SV8 RFTI6IBUXM5BKV72VUCX4I RM290TLNPD4P4KV6KVWV183Y3DAKNYC3W8PTGKS0O25DU4579P IRHQX9FDW43746A5IX RLCNLUVM70AMN5M6GC XPMQRR9GM658THN52PQQMK8W2RB5 KJN13L9WFOEBT2NMNHENU2DIFKBSD49B1TI5J5U95LPQ54SPJGCXKI7FNRJRO7DDIIQ0572DN7UJHQP64X3SK809OKMB2R65A2GK76WK7T9N8');

insert into "Proprietaire" ("noProprietaire", "nomProprietaire", "prenomProprietaire", "adresseProprietaire") values (71, '85WYAH9Q5J9FWYLWL7DBACI344HYCQIED4GYJJN9N9JW5 KXQ9', '6DJB5NRD7CSL MP7ODJ HW1WYOMCC3L4U2VNAU561TC9KD4FN4', 'TVW BPBPWXQPRF01FUE9UN531QVUQBC0U4JF24 YQKAK5RQ9HYP2B69G8D77992LSRIDL6FJHY8OMALLOHD  WQ0S17JS9LU7G3DGNOQFGL6 O0 9SJVCHQN9AAUPC0V4A8Q46Y1EW6V8EPM4O1CXKMGR5PPFIOU6QQA7DT3QHL59XNRJCMLCN3NU2FDFM66FP6M9O2NAU851I4VGDPI573JOT8T7HFFJHWYYITQI0ALLGOK9RJM1JVQYOOK8Q');

insert into "Proprietaire" ("noProprietaire", "nomProprietaire", "prenomProprietaire", "adresseProprietaire") values (10, 'BJLW8BRYQMVI9R599C6N2CXK9KJO7RU6BEQVWUVXWL6OOQMPWK', 'PQHXJERFVA0O7N62HUPFT1AOTNHOCT3ELPUOF69B0PXP3KEVXI', 'N7PS14V4GDBEOVYV3MWY45NXYUU94U409FMQGORPMV6V437TJYVP9YOG4R3MNLFS13KTWRBE9M2N5XE8CM5BKHU8IF 66BRH0BA0U896N7KF2SP 8XBCDYY7F1AUF8RFHF3LHKE 8CQ7XOAU56EVT5S8KVDTS75T2XTCWXKMTX4IKABHA 1BUK53UF1TLQKRMETEW4JTI0W5OY1G71CK5BWGFARWS TCAO1B2L87LSPGMOOAO60T87YYV8DJ7S');

insert into "Proprietaire" ("noProprietaire", "nomProprietaire", "prenomProprietaire", "adresseProprietaire") values (22, '4E0O2HMXNKADB2HR7 S6FD8E0CQIJD2 JHHDXNXHC954BLYHU ', 'U8BIFR3E2RV50GLU2 FF7BA2XUFQAIHX65GBG9TSNTJCWYYQML', 'MGINV0TGJCRLP3M4JCSG7RCO70X7EMHNTY1G9W9HENWYO5NLYWW1NGJTL2NBSFXO7LTBRPC4SH7JT3H287N8MDNE5FCR3PPOO06NCNUFO355XWN5SDYJWEBTUAOYBIR34TO0MA754OIRCSH41C0LUUW5PSHH1ET1GF45LMQP59AKVJ2YE4B78CK4VX01F8DBN9NXY1H4VVUSX9B6DIMBJ1B3EMOH2EOAOKODUBB4FCRWEHV3F8 2LFU5FR8V4K');

insert into "Proprietaire" ("noProprietaire", "nomProprietaire", "prenomProprietaire", "adresseProprietaire") values (49, 'P279 HBP LJSCVVU4 6DFLSKJRS4W9RV0SP9I4F6K X4GEVIYF', 'GHWVQGWPL45CC09UEDXRFTNUCFT0OK17UR5R8ORUBWR6CALXIR', 'S1LJWOWPV2XHWIP37K4XQPWEOX51PCDXKBEA96DSI M0GDUIJ705GNFA5UR5E9  MJ8S1E0LHJNIVEBEV6QC3HNTAUHLV4QPDP6 Q 2KQ3BHUO4 0EVWRYN30LLV1KYG IDM6QCI0LUCEFVRID31XY PWGCC0EF ED0IGO6OUQMEU1MRQ94 CIRJGD498LKGE8A7XVHPKSXXP21AUYNR VLYT 8UFA7GITG9AMLN9P50V586PYGE7COQ0K35JP');

insert into "Proprietaire" ("noProprietaire", "nomProprietaire", "prenomProprietaire", "adresseProprietaire") values (50, '8NHIEHWFJOJQASI0AO5KW931U84NJOO393GGV42R2W4F40OQ F', 'Y941IVNNE3KAVC2 97C6FOLDI551RYHN38XROR4EQ25GQJYU6U', 'TY1FR4FEHYT4OPH7XK2DBRJHO0S245WBCB11J4LRLIWB  W8B2D11NUXUCP3RT0P8EEB4IAGXLX7IMVD6PXFHRAKXQ3XIVRMKCTJUGAF0U4CRGBYSTPNJQAC7J1FU27YUSNN40MQWCI194KGX9LH32IEJKH6B1SQ5Q69E5OK6MV4K73J 86D45 2803FJ9683LCN3Q2CYJR6A5R TDTFJDYR7FA227BSU6YQPKOKWEJF0CMPUOQDFXY4UUCKL7');

insert into "Proprietaire" ("noProprietaire", "nomProprietaire", "prenomProprietaire", "adresseProprietaire") values (74, '8XLOPJ7L4L7QFPA0PG8QHON5WS6YDGQ669MA4OQE74E5WF3COK', 'G0WHNY9XA4EBAGJGLVN9M6FAS984MD9OQ 5K29FGX14D4OX6OY', 'GW2RK2SBQX6XAPF44U MTMR UW4O97RG4BYYHXULNAI7 K6MVNQ0T7NJO0IRUR865T8SW5IW7N5SA51 UI239W6LWK09NSTDKE6QNBCMG5ULNCP782IJF0G06S6V3E70R9LMFL12O4XYDK 6L 6EEMNIF21L9H9 ENTQQW9HG17LG1NRO6L40E SWY9V4GQ1E2ORROP OI2NPILNKNYMXPNG45YKDHJVY4LQL54LJBEPQGNHMNV5JHXYVIRWHB');

insert into "Proprietaire" ("noProprietaire", "nomProprietaire", "prenomProprietaire", "adresseProprietaire") values (38, 'QS4LEE75O84056GJE3I1VF71 NCU7OSMXTFB79BQ3LVPPCHKN9', 'X4COQGMK0EHNG45G90N3 731LDK H1I91VRRCNJWSL4X83EH9W', 'J1KLI5 499EFNPX RUGIJD2G3O92VKQFN31ETWK2YU1XS0FWT3 ROEHVGYL02M6XTDDNJ9O501F2AD7LSOE0KQJQDYJMKJMJ27YL7YH5BKV86 Y5PS75Y9RN7T1F67QOCTCLU3XIQXW00G6CLL436AIXEI927WUGRBH815PC8ND4VQ6JH7812KWHD0PBHA6JCPK8W3BFQ2FGE70THKS806RWM445GINC7X F37269HF0QPIVPKG5WNTFMLLO01');

insert into "Proprietaire" ("noProprietaire", "nomProprietaire", "prenomProprietaire", "adresseProprietaire") values (19, 'OMX6 142HWY9JHNMG1O2NR8Y66M9S4B3VSWQER8CN G1GU02QC', 'IDDXMXJGD9X39NN1MFHE9F9RKLLR1TA525MV38NONGJRSOA1XT', '1XIUJVQ8YNT330JGC1B 3D6YG X1E6KSUXF58RKBVMGYES10VEHJVOTD 4306144CQ4JDEU FF83LT FBLGT7 BPC2Q TV7ONBUJJAA7 5BF6TM4MYGCUBQ3DOGAHEUOMEVML48BSHTQ JTYLHRIS L3LHY8NIKKV8G5PMH3RRXR30U4PTONCA0NFPWY0AJDVU E9UFPN1U4WBLABAK 2UM5Y41JLWDDSTRJ1UXQ YSD1RHIITSNSBKC4A3YPQ');

insert into "Proprietaire" ("noProprietaire", "nomProprietaire", "prenomProprietaire", "adresseProprietaire") values (35, 'BRL86D2JV7VVO4YFNVEP0MMWMK2BF8C99YJ58258A1BD9X7OQ3', 'WN8 6Y 92TBSFNYO9OT4Q0SP3WRKN629 QP3A2WOQBBHV64DDE', '8CNH7OYWF43U3WGSF951QPOJJHMCV4XATH6SQSCHUA1P 3D VCW8U25JR3X36U38CBYARSQ5Q1Q5U6A3U38AMKUI 7B0VSEEKTB9TGYO1JRH1BY0U5BUI0SQG6T7TL6TSDCMDJ4XDFMNXLHUXL74228P2W9GYQ7KUS Y0MMYROHA Y7SPXN V9O23I877PG 18UGA860UQCNM9P8A280G3 LFN4KJR5IBAE0STPGQF0MCBXPA9BFIX98ID49 6');

insert into "Proprietaire" ("noProprietaire", "nomProprietaire", "prenomProprietaire", "adresseProprietaire") values (97, 'V9G9ST31XFLBW7JV E2FK7ECQ4WBJ7LFUTTO0CCDPLEOJ0XHEQ', '0FJAEDYSP5EOJ9HCQVGW4N6PWJSDUQKFJKXBFWY3SY9NADTP44', 'VS2 X67PHS5 0TOT2WX9 3M3U4936OK3GJ8QF4540P90PF7CJNX56HJRFH4N XCJ PADOQD831TL8EGE5YHHKUX1YQ4A3OEHUD92AGK3ST35F92EW F5NYJXNHSNSCWSQSNHLIIOJ5VJ16OM310INC7C0F6U3X07LBLNRP0UXCG1H1 BCM3AN5O4UGW9X4WENJM OIVCWWRB1COMIC2ME5TY7L2UXAS F4XE41YVNE5GQ9IJSYS2KTIIG3CTGE');

insert into "Proprietaire" ("noProprietaire", "nomProprietaire", "prenomProprietaire", "adresseProprietaire") values (54, 'I WQJAPHO8C0CM9KMGPHM3 65VXV CAVUEDJVSVSYSKK 48NQE', 'H8OAJVPBFTLI N4QRR2WIV35X5GFWAHB8M SF35T007J8A9OW7', 'XEPY42I250PMKWCN90KGQLGAMB79XWQ3M2L2GP53D9TJFKIYOVKWTKAB4TDLJ5RQ7AELMD36L127RQJBNWTJKQYC C6TE3A8 8TWWJ52RLQU13MK1RKT0A8F672PBMU9D1RG22X7X7HWCSO4P E9OSLBQIT9L1S2RQEWG9UN3X6X9BG3M15LO9AFQDGL226LL782WS24DU1LVKE9PBXQL3GS8QB05UXFCA0USSJ0UUHTTWS1Y36NM2V4EI YQU');

insert into "Proprietaire" ("noProprietaire", "nomProprietaire", "prenomProprietaire", "adresseProprietaire") values (59, 'UNXEFEDKAH2O9DGJPPAB 5G9OO7YR48GVN25SETLDU8EUQ5F4S', 'T5INFK72GD336KOOLG31FOVCPUK18U96HKF9CNWB0AFHCMOTHU', 'PUJQTE1Q0CNRALA0QIEJKLFD8TDGD281YQP6Y 4I0S DG4020D3S1V7OVUAAL1MSVME611 ITR0AAQ5LA14TW0PY1WFM4UFSJR75Y45DJ702DXKKYKLJLN7NPC0YOIO8O1SHVYNA0T67KCHB6NNR0LJLL5BO9BWNXYSG8G2SVWV12SQLYNG68U018YN46M81KPX7TOHRLGEV88QL K9GLJHL 2DJ XAQT5WTKTKMB23UTTCWT294SWDCWGU1J0');

insert into "Proprietaire" ("noProprietaire", "nomProprietaire", "prenomProprietaire", "adresseProprietaire") values (80, 'H2PR31PLIV YJNTQMTR9MYEFG0NEW7FOYWSK2P4 970YB87H L', '8TJ8B3ILPY1CT029908LUL5ED7 Y7ESL3X7FNI85WHLYJ2XHJM', '8JIQGBU8F222C2TSYGRHRLQFMQVQGOYOQNEOEJ7GUAMDLIHKKNWT17MOOMK6NDOX0MYRJBH4YUJLA4DSNB4OF90GIAFOW EYUGGFPCU4LQ30XNB58M2EBUNLOEOVOA22HKWUU8PE0AGHYUGKU75W33L781BYKYYRRR4RSHS31BHL A63K1MS5W7IRP3V2JLM0ARMJJ1J00VLKJ4 0JGC 73VDAM4TISI4P5I0PQ5U 2DB0BJBKFG3R6UP38YE8');

insert into "Proprietaire" ("noProprietaire", "nomProprietaire", "prenomProprietaire", "adresseProprietaire") values (91, '4Y3T62ERDO35VQW91IX 2VG00YHM5 8ANAYF21IHNR9SCPEC9E', '95VK36XGRMBO1JF9 WANRYXJF1GJPL96CSXTH4PT7C S OM38X', 'PCI2I7A8FKX7BFV1YB6B3RY9N3YS27I2N73TR3C9XJ84MYVVK0SGSF5AXHUJ0FS4BDCSN89UD07JTU1NYGV0ND9CT MVRS KN998NB4X52VOFK4G8NPGK5VUBS0NS4TEVGDS3R4DXWS5VAV7QP2L8YO3R7D9DW3HIOSJ1KCYMY009U2S4 BQ3MCCQPJEIAMPBS1XCF0BIQ4OJPJ BWBJFPJO3WU9127QEUATMPD13 A1E 6HJ3F18C141L7DJQ');

insert into "Proprietaire" ("noProprietaire", "nomProprietaire", "prenomProprietaire", "adresseProprietaire") values (51, 'FS2SYY6LAD6MCD633BX01O7SAQ7P8W9 O4AJGERGA5HA0 K1P3', 'NJDO4E PKJ97076MVS3 QALK9UN3G7 F55H3CQEO03R YMAEQW', 'R9326IBDNN5J5BCHTTACLSBELNYP2OED6R0SXPM35ISFX6MNEJBL9MAB13KDDKSRDQ3I7FJ66WCTCPAKW1OWFTH867XSMSNCCIIXA8SK22H1MC609LPJL43YWM9DVIO72CRT 0XX833LM0WEJF1WTM1Y1X4QMCD2KEL7K29J3 E4LYVRQOKJOU0BLKEK 92BWR16X3XA1OVEFV8VXCG59OJTIY7QKOS16DF3D9TTK0AFIWY29C6M9GVVRCXAJC');

insert into "Proprietaire" ("noProprietaire", "nomProprietaire", "prenomProprietaire", "adresseProprietaire") values (69, '420KSSCRBA1GXU 6DFBCY08TQ8QXOOBHKN8X5OVS5F626L0CH5', '3NO8 AATC4BP71A8V6YNOBU4QTOQYKHDU5NG9A6KO752IYKKM2', 'EXJ6CCV1KC7OO9QHSEUJG TX3JCXAFKIIB2WOJUENSGDE7KK8LUOCEM70LCS7GVSJA1AMG9O9PXM0N HLYHD48XUADUYXX76PHLWL0LMGB6UG8HWYIY8E IT9YYB1GT4X909AAXD IVGVM306WKN09OF61TOBWJG LKTSGSHGRMPQRFAWHL24V7H  LRV7OEF3KTB AX7B6QQOKQK8CP5UI4ESJ72H5LJ4CKGC13D 8OXL4ODQ7RT8GX 4UJJ1');

insert into "Proprietaire" ("noProprietaire", "nomProprietaire", "prenomProprietaire", "adresseProprietaire") values (61, 'QF3O7F33RLHJOHRPB83CLYNHSIYMN4ERQ IQK5AY44W0U4NHLO', 'WOJN8HUPEA753F3NC60U1WJYC9D4HT0 MPGEBW6WSEWYO5QJ 1', 'A4GMB5398RV9JGMVAUABJB4CGW0CS78B3F07UMBLI2ECW C RE3WSCBLIEMEPIEW CW4CWKD3NG 430NQYD3ESYL18MYWRIJY7KCCWIPSHAO2FPP0GE5TGW14LP9Q2C6JM7FAB5YTYXKLNV3V9B L08W93BCLH TSPTLQUQL1X7EM88 4605A2E6KRMQY1QQBX7R71T9SKQM3NQP4E6WF704N NQ8K9977XICE6QWIWB 6ONRI94NT32ML69XU');

insert into "Proprietaire" ("noProprietaire", "nomProprietaire", "prenomProprietaire", "adresseProprietaire") values (56, 'GJHHB7U97A45CS1XHD AMBPAWE5PRO903VTT6T1CWVVA357YGQ', 'N23I33XN02OGPD22SXB10O3NOBAJ39B0DKJ0RJCYF1O0JTRGM6', 'F 4UC0RAY URV9B2LHGIGBK9UK6TQWKLHJ9JK420I3ITKU3HBX4UUOVQTAIBPVPDTTAEIE QIBDGR3EGXY9A73AFS2D362XO9SHXV08LW3HYXSCXULW341HEUW0N20TYRMM33SJLX BXD91RQ4KVXP9KDY9S1Y1HPM07H7OM2PYH6JOQJXBOTVFU0JETKPAIMAH 0FHI46036CEIIJRYO1S P3BDWS94G8DMK9S06EKK1 GN4P1I8C6OM8EJ2E');

insert into "Proprietaire" ("noProprietaire", "nomProprietaire", "prenomProprietaire", "adresseProprietaire") values (9, 'CCT 3GJW7L5F8PXX6GRUVJ4JOHY4KATSV 9BOPSNYCE86UV6F6', 'HFWJ2 VA1INILJ6PNVAFNBFV5TP0R0RV1KR51PRK2W84MGSGPJ', 'ODA8NMO5GPJLC86G4P87TMYJJHARKSVCB8L8OYR8E7V4HRQFN V5A 33QXHLA1W40H3BG0Y9KW3HP8R7ETFN6LR4RE8TJKJUKWSRGJ7NV5EBA5 ROFI2R RDK7VOU1XBU5YYQP9ID79H0EXPVW2VS0O77I1K8M 0RS4GT3LK29EY5CYCE9APMYXRNIN2ARF07A60SPI80DWULN6LPFND3JOQ16TV4FS3618HAX1JBI2HPFF1A8XUMTXIHG2VEX');

insert into "Race" ("noRace", "nomRace") values (7, 'XVARU94BGB6XBOYY5MTJGUGFS9V6N2347W5B72VQVCI35M2EO7');

insert into "Race" ("noRace", "nomRace") values (1, '8P 3Y9X0ACQERYD5TW2NLCCAN5JJN94I3OW5IN9 PDMJFB9DCK');

insert into "Race" ("noRace", "nomRace") values (5, 'KVXG5Q3RL8HOB8L0J16PI7C 61POP64HB0A3H6NTY0 G6Y8JVA');

insert into "Race" ("noRace", "nomRace") values (2, 'QAFNK5VWY5N4R1IRWXN FBVGG0M6S7CQTVV34 MFCH N6QW6Q8');

insert into "Race" ("noRace", "nomRace") values (13, ' HQG1PYFK9B1WPRLMC1PYGU5Q3K8QTI0TU8KP7BI0K4B4WQ8K1');

insert into "Race" ("noRace", "nomRace") values (15, 'L978JII9XCJIP8Q6QX4QAQQFYIUAQP606XPBT 8RVIH2VQM2LD');

insert into "Race" ("noRace", "nomRace") values (6, '9K9FR1H4HAQ9F8R5O72G 6FNQNW18E430HG256VPOBNVNSE260');

insert into "Race" ("noRace", "nomRace") values (0, '5OSF3OT1LSSWC4I6 KBN2NJ86 XQ7MI1GRL4AHI7D47WEC9KH9');

insert into "Race" ("noRace", "nomRace") values (14, 'LU26G4DD5R9O9PV71IIRS95JAHFNYM4W0UWJ5308V9Q2CNU KI');

insert into "Race" ("noRace", "nomRace") values (3, 'D62GCXHCLQNJMLEDLTKK86J9TGXLDEFNC8W9 N4T39NO6VFU8 ');

insert into "Race" ("noRace", "nomRace") values (19, ' 0T9DEQGEHW8M54F67IDAW6SIJMPFAXYW30VA1PLKDHMYW9331');

insert into "Race" ("noRace", "nomRace") values (12, '19TA2S4Q7GNFUK4LNU2518DIP4 FFI3O2UE93MN2RV0L6JRJ2G');

insert into "Race" ("noRace", "nomRace") values (17, '8F1R49NO2WDUX4R1FTKKHKO5AS3G714A340CE7XPC6R6KNP84K');

insert into "Race" ("noRace", "nomRace") values (8, 'USCATT PUV2C7GS7D52 PYQRDICK36GUBD9JLVFOP8BX9D6AI6');

insert into "Race" ("noRace", "nomRace") values (20, '7HOMXT0OTEM 8JFBGQ0POO W6DRXVOUGAP2AE4GJUTJ9Y9KIHG');

insert into "Race" ("noRace", "nomRace") values (18, 'I5MC 24FODD9VQYTMYF5KSLOJ YAAS8H4BXY4YY0JEWN2U75M0');

insert into "Race" ("noRace", "nomRace") values (11, '118 GYYJEJ1UROEW0IRKP7F3E2 FB6V92KDP5SMN4JEAI4EU3K');

insert into "Race" ("noRace", "nomRace") values (16, 'BXR6WWPF52SIQY45XCNGVLUKYN40RM5E9VPD2RE957H 2PLXU8');

insert into "Race" ("noRace", "nomRace") values (10, '8GKW0GADLQM1 Y36H9L RSN9HJBIML5LFD6MTS1R4SNA4SCK8K');

insert into "Race" ("noRace", "nomRace") values (4, 'O8 V9I58DU5KWL2 L4CPV2AW12X4JMH40NX2P45DPIYX4996C9');

insert into "Race" ("noRace", "nomRace") values (9, 'C3IHUVJDJV9TXYUQCHO8GDDRIEXJE3E8FGO0WPEOTK4LM7YFM0');

insert into "Ville" ("noVille", "nomVille") values (18, '1FMVQIY9LAQ2IXLB3SFS1YY P3BJ Q8WE2V146Y B1F2QT9F5V');

insert into "Ville" ("noVille", "nomVille") values (13, 'OV2G7KS0XIY8FFWOYCKGPMRCDM70O67YUDFEVSNWN5 BMP9A53');

insert into "Ville" ("noVille", "nomVille") values (9, '837HB9K DH7XIIVP17U6OSLBQ7GVAS UU98GDSBN7MXOFU HDT');

insert into "Ville" ("noVille", "nomVille") values (4, 'Q2CN61GHFRT E9LJB5GU4667O088NGEF1C4A3HU4STOJH68VSU');

insert into "Ville" ("noVille", "nomVille") values (26, 'Y8UAAG49ATOHORXMGICY9JM6R2NK3NSFGNLX3YOC1N3P9VG4X ');

insert into "Ville" ("noVille", "nomVille") values (7, '5XGKPM 4ML O7IHQR3PQMXWPBAQACQ2812SENK94EJ94PAK 12');

insert into "Ville" ("noVille", "nomVille") values (2, 'O7V8AVWN7U82HRW44NV4LD7VRKPMDTE57796QXRABWE9RYR3XD');

insert into "Ville" ("noVille", "nomVille") values (24, 'H1Y3M6Y2I2IM2XXXBCQK4X9407M3112 HQFGG9R 4UOLK212E ');

insert into "Ville" ("noVille", "nomVille") values (8, 'VDEDQMYFODD81BL81IU0O6ARJWPDBLL PTEN0YY4PXR3VMB9X6');

insert into "Ville" ("noVille", "nomVille") values (6, '4JPTNCTLJV01UUUD3XU1H3EPD71KY86C02DKKRBNHPW6STXAUI');

insert into "Ville" ("noVille", "nomVille") values (12, 'K6QUKOQ9O6J4 SG0RH5TTX56CCXQOU7UY4SI1MM7BY MI5NVGY');

insert into "Ville" ("noVille", "nomVille") values (29, 'B046HR65I4R33LG1HXLA504RV4006DMVTF43P2SPJ5X4MIWGDI');

insert into "Ville" ("noVille", "nomVille") values (3, '6AMXQVOLQVREXG4WOAAV4GUNXV8KRCTEN7OACYJNX4JYIEHVQ7');

insert into "Ville" ("noVille", "nomVille") values (11, ' 3NC 3M5OU 11DXG8MP4HO 1U76R E7AWUBLCLSPXL2CYU1DIJ');

insert into "Ville" ("noVille", "nomVille") values (21, '0V9L6VAH40F94TBDN 30B8A80F9WX9YX22E0XOUA60FWF0W1PJ');

insert into "Ville" ("noVille", "nomVille") values (15, '4Q39ABFVHAN8BQ6279NHP9N1DB8 JF1T7W1ARJCNXE8EO38KU8');

insert into "Ville" ("noVille", "nomVille") values (23, 'R8B6DUHBLRDATQS94OWTF5LATPBBKO5JRRG0RGN8LAVFMM59CO');

insert into "Ville" ("noVille", "nomVille") values (19, '16S7EOH2UT3XSF5R7VQFN3EDTVN6EYPJWT50XWE9489A8TGWV1');

insert into "Ville" ("noVille", "nomVille") values (10, 'PO0M6R7VMKB39AF2O6L0R DB01Q88Q1XNG 544CPRCJ14 WE5P');

insert into "Ville" ("noVille", "nomVille") values (25, 'MNRT YWY8W3PM34JPPG0TVTEHUCIUJT2Y7OAP9W7LPO5SB520X');

insert into "Ville" ("noVille", "nomVille") values (22, 'FVH145B85O19H2CMRSJFMCC6NE0G9IK5D2I0GC0JN6MJIXBKBO');

insert into "Ville" ("noVille", "nomVille") values (27, 'SV4BUIOJ LLVRBLVAQ84BR2PXHRB7BQ6042I9IIPQWSHT3GIKD');

insert into "Ville" ("noVille", "nomVille") values (5, 'B3QMNPMFM94VBE1VLOHQVWKQ03QRB0C548LEPPOR19XTID1 D1');

insert into "Ville" ("noVille", "nomVille") values (28, '7AKY2NXV99NEUIMW04GY93G59GR2EFN6X FO2BSDY6VKO2AXSD');

insert into "Ville" ("noVille", "nomVille") values (0, 'BSX7W6LOIBTG62WBATQICK6SGAMJ6GNILBEYU2539X9A735E1Y');

insert into "Ville" ("noVille", "nomVille") values (1, 'GAWV 0XBUUR5YFPMRGEVWXJH0HL4J0KL R90BDU9P070 Q3NDW');

insert into "Ville" ("noVille", "nomVille") values (14, 'XXM0 C0XAUSODE6DLI 97072N38NLT6Y50N BKFFYDP04GK E2');

insert into "Ville" ("noVille", "nomVille") values (20, '6WW WAMKWUFIP786P1RIS W0JK258J8PLQIWX0MHR27GR4B3 X');

insert into "Ville" ("noVille", "nomVille") values (17, 'AGC4OCWS8REEC0I38AXLQS2ULNJENEXKC823VSP7418LWLKHV4');

insert into "Ville" ("noVille", "nomVille") values (16, 'A33EDTWH1CHK811WSR3Q5MR4JS8WLJOQ67T5GTXU 021XKV32M');

insert into "TypeConcours" ("noTypeConcours", "nomTypeConcours") values (1, '68BDU7U9');

insert into "TypeConcours" ("noTypeConcours", "nomTypeConcours") values (2, 'CLIDG4EL');

insert into "TypeConcours" ("noTypeConcours", "nomTypeConcours") values (0, ' 12CGR5P');

insert into "Chien" ("noTatouage", "noProprietaire", "noRace", "nomChien", "dateNaissance") values (26, 0, 16, 'G5IXCVWO71WSX0 DLGO8HACT45NJ9JGV85HOPPVAM X5IHR3LG', '649-10-16 3:33:19');

insert into "Chien" ("noTatouage", "noProprietaire", "noRace", "nomChien", "dateNaissance") values (69, 17, 1, 'MAEBHVK2J8BACDR5 KLBG7VHCFCCSK4Q9IRV4468SGW5G68MNW', '439-2-5 2:26:8');

insert into "Chien" ("noTatouage", "noProprietaire", "noRace", "nomChien", "dateNaissance") values (21, 10, 0, '99BMH4NALD7HA6B80172U1HBWYSOQT5X76O7T3ECRCQY09EKS4', '389-7-19 2:6:43');

insert into "Chien" ("noTatouage", "noProprietaire", "noRace", "nomChien", "dateNaissance") values (54, 17, 20, '7HBKMVCJSP1K6T7X9  A63KANIY79P0H3N3JD2P2HGPCHMFIBD', '939-3-25 5:23:3');

insert into "Chien" ("noTatouage", "noProprietaire", "noRace", "nomChien", "dateNaissance") values (17, 81, 13, 'WALW1CP2MUMLYQG7HATSLPEL3DU952OA89A5IV6 8MB53MB7KW', '406-1-11 2:14:24');

insert into "Chien" ("noTatouage", "noProprietaire", "noRace", "nomChien", "dateNaissance") values (10, 21, 15, '5R WM4EE N3WNYG3  KBYYVQ388 B460JP36QIIYTK4H31T9BL', '1116-11-26 6:14:45');

insert into "Chien" ("noTatouage", "noProprietaire", "noRace", "nomChien", "dateNaissance") values (53, 99, 8, '2AE5BYUKFVIUY 76G8WL454NHFENBY2Y7KD46REQ1HMMCTFMVY', '815-4-23 4:29:6');

insert into "Chien" ("noTatouage", "noProprietaire", "noRace", "nomChien", "dateNaissance") values (8, 53, 19, 'QMQSUHOII8S002D5BTT9OBO7S6I5HIEBH9NAULGOVOUWYPA28L', '293-9-22 1:48:6');

insert into "Chien" ("noTatouage", "noProprietaire", "noRace", "nomChien", "dateNaissance") values (19, 52, 15, 'E8MRAIRJFBO2FJULUR5DW GASSPO LK9W36E23S9W9DJKX418Y', '319-1-15 1:52:22');

insert into "Chien" ("noTatouage", "noProprietaire", "noRace", "nomChien", "dateNaissance") values (6, 71, 18, 'O4APTRTF4LQ5DY XDHGRN7FNY0Q 1JDBH2A8Y7VA422B697H87', '753-8-4 4:7:41');

insert into "Chien" ("noTatouage", "noProprietaire", "noRace", "nomChien", "dateNaissance") values (101, 102, 7, '8HNPCPTI5CYDNUKAS4G5NHNIVR46T5SNFEMHREEYBSQ6AC1TY3', '60-4-19 0:19:20');

insert into "Chien" ("noTatouage", "noProprietaire", "noRace", "nomChien", "dateNaissance") values (66, 54, 2, 'GGMRMD9ER3W 4QDT MKB76YBQ3750M90LI4J2UM8AUAOFDN5MP', '733-2-24 3:59:18');

insert into "Chien" ("noTatouage", "noProprietaire", "noRace", "nomChien", "dateNaissance") values (9, 94, 17, 'GPQX4 VM6ALIGV105X 6MICLMNSD61ZMTGHT63MOOIY7JXG3LN', '215-3-3 1:11:35');

insert into "Chien" ("noTatouage", "noProprietaire", "noRace", "nomChien", "dateNaissance") values (36, 105, 0, 'EGAI6YAVEE280PW51EO2XK03BETF5C12GNUSJYI1I2TN7QQ015', '1808-2-28 9:52:28');

insert into "Chien" ("noTatouage", "noProprietaire", "noRace", "nomChien", "dateNaissance") values (42, 3, 12, 'KHB0A3WMVYUNW88PSYO29HCW4CNU3V2E 2T5C6 CL3UECVVF V', '1786-3-7 9:43:29');

insert into "Chien" ("noTatouage", "noProprietaire", "noRace", "nomChien", "dateNaissance") values (79, 106, 8, 'E19669 KUMLASFEQ1HVMUW4O CDBJIHH161SBJPPY IGXEJI10', '798-4-25 4:25:32');

insert into "Chien" ("noTatouage", "noProprietaire", "noRace", "nomChien", "dateNaissance") values (49, 51, 2, '8FTMVNMOPMHLOXH3YN4XU9JC276FEMG1N78NK6MXVEX77G4V3N', '455-12-30 2:31:10');

insert into "Chien" ("noTatouage", "noProprietaire", "noRace", "nomChien", "dateNaissance") values (57, 72, 10, 'YJ9 SG41BFAEHC5AI26HG46 5S1KWXBG8G3PDID33DSES2GL2W', '1143-9-26 6:27:42');

insert into "Chien" ("noTatouage", "noProprietaire", "noRace", "nomChien", "dateNaissance") values (31, 33, 15, '012MPEEPDT85ABDLREJ3C7D0R9MR4PC0LEX8C936QY6SG6UTXA', '117-8-4 0:39:1');

insert into "Chien" ("noTatouage", "noProprietaire", "noRace", "nomChien", "dateNaissance") values (28, 98, 3, '179U 1DUQGIWT7SB15QVIDUW8J0M4VLO4953S2 4EHP208OP Y', '271-5-28 1:31:51');

insert into "Chien" ("noTatouage", "noProprietaire", "noRace", "nomChien", "dateNaissance") values (60, 49, 20, 'A64CTPFH0VSG 1M1WSQNB7GNMSGOONTPASB2 MD37UD3O0VS1B', '1730-4-30 9:24:2');

insert into "Chien" ("noTatouage", "noProprietaire", "noRace", "nomChien", "dateNaissance") values (40, 0, 2, 'P6DG94XBR2GA5SNYJFY 7A52GAHDR30SR0FAPI2IHU 1517LB6', '785-10-25 4:18:41');

insert into "Chien" ("noTatouage", "noProprietaire", "noRace", "nomChien", "dateNaissance") values (3, 29, 2, 'MDJC8RNEI3P0YYTB C6UAVABIFGOGB518GK JTOR39M U7 BXC', '637-7-5 3:25:6');

insert into "Chien" ("noTatouage", "noProprietaire", "noRace", "nomChien", "dateNaissance") values (14, 5, 17, 'NILNURJ4BCTBKL720A0Q5IY50TDMA B8KBTOUBW E3CI7CA74U', '1-1-1 0:0:0');

insert into "Chien" ("noTatouage", "noProprietaire", "noRace", "nomChien", "dateNaissance") values (83, 81, 17, 'BOST05US2XTCJ4 IIG11M 1DYGMOJ2NIXHEMHUNI7GQ7B7EP24', '1242-5-16 7:1:46');

insert into "Chien" ("noTatouage", "noProprietaire", "noRace", "nomChien", "dateNaissance") values (68, 5, 15, '5V59 1CAIX8XWO3OPVV J3WA7CJWWXKJ1O26LC YJB0AQ1WDIE', '523-10-22 2:54:40');

insert into "Chien" ("noTatouage", "noProprietaire", "noRace", "nomChien", "dateNaissance") values (48, 5, 20, '0G1  2EFHR3N06GAC4QY3WEYPQIQ3EPWW9B135J2OG4O24BB6R', '716-8-24 3:53:39');

insert into "Chien" ("noTatouage", "noProprietaire", "noRace", "nomChien", "dateNaissance") values (43, 64, 5, 'SYQBTVH34DB651YM1IMJVPVWMB87HD1VNTO0L1SA0UXUPCSVD5', '1689-12-17 9:11:28');

insert into "Chien" ("noTatouage", "noProprietaire", "noRace", "nomChien", "dateNaissance") values (102, 61, 15, 'TWQR52T6RUVYQDTFJIJ8CE4J26C9AK10LIDIW5FCP6FGAC83NX', '563-11-25 3:4:24');

insert into "Chien" ("noTatouage", "noProprietaire", "noRace", "nomChien", "dateNaissance") values (23, 67, 12, 'FA5P 9QM04OBALSD76RGOBXW5721GH727SGMK4L7Q7F0XSW3KU', '978-1-11 5:34:21');

insert into "Chien" ("noTatouage", "noProprietaire", "noRace", "nomChien", "dateNaissance") values (41, 96, 6, 'MIFX0H2DNVIQ4DPCVOHR6PIO9K8X8XVKPXYIC 63YD D4YVE6L', '1406-9-2 7:58:23');

insert into "Chien" ("noTatouage", "noProprietaire", "noRace", "nomChien", "dateNaissance") values (51, 76, 20, 'R4RJFL942PYVL8HJ4P43LE6A 9PKOBKA2MEQKYR0T9VG5PR9AN', '865-10-8 4:47:1');

insert into "Chien" ("noTatouage", "noProprietaire", "noRace", "nomChien", "dateNaissance") values (11, 38, 13, 'A7E7RG4S3N3FERJ2Y 0MAND3QY4OI7EULDQCFWNMF85VD7UN2O', '280-11-17 1:40:42');

insert into "Chien" ("noTatouage", "noProprietaire", "noRace", "nomChien", "dateNaissance") values (20, 23, 8, ' DSO76XA T5OW6JASL8U7YH4WSH 804ULYES8TP0BN72R GARK', '706-6-28 3:48:9');

insert into "Chien" ("noTatouage", "noProprietaire", "noRace", "nomChien", "dateNaissance") values (63, 85, 6, 'GK1AXNF4XLE5B44WKY R2BQOM H DEUUOMWL4WTT9OMHNWSS18', '153-12-24 0:55:17');

insert into "Chien" ("noTatouage", "noProprietaire", "noRace", "nomChien", "dateNaissance") values (50, 7, 20, 'I6T3V7J44A79CUTM579J9OB1QUT4W SVCNJVCIFF9GK7J YEJX', '497-8-2 2:45:56');

insert into "Chien" ("noTatouage", "noProprietaire", "noRace", "nomChien", "dateNaissance") values (58, 10, 12, 'BXXF5P2HEGPT47L3KTWR WYFV7RIKVHW130O6RH2P7LIMTWW1T', '1741-10-2 9:29:26');

insert into "Chien" ("noTatouage", "noProprietaire", "noRace", "nomChien", "dateNaissance") values (7, 10, 19, '92ASVJDVCMC7UOYPQY0HELTBX84DDUVC5ELE6K0JPE9O29C3EQ', '1578-8-13 8:48:58');

insert into "Chien" ("noTatouage", "noProprietaire", "noRace", "nomChien", "dateNaissance") values (71, 97, 17, 'LCPKMF3 QRR4SJCNHBKML38SMO32B9AB6WWTSSJPW 8B87PLT6', '826-10-6 4:34:31');

insert into "Chien" ("noTatouage", "noProprietaire", "noRace", "nomChien", "dateNaissance") values (80, 102, 4, '9BM6ER UEURSR 9X NQCRAB6KFIV1YQS0MH1P25V1TA05VKCFP', '1860-5-29 10:8:41');

insert into "Chien" ("noTatouage", "noProprietaire", "noRace", "nomChien", "dateNaissance") values (81, 53, 19, 'PO7GYP2UML9BO74W9KMG8OIKDVV287C2O0FW20HDE699BIEXUD', '544-7-26 3:1:4');

insert into "Chien" ("noTatouage", "noProprietaire", "noRace", "nomChien", "dateNaissance") values (45, 14, 1, 'QJOCX46 CIJPA9G9 66R89G204M08XWMKT52WXRM0349E5MYGQ', '918-10-28 5:14:16');

insert into "Chien" ("noTatouage", "noProprietaire", "noRace", "nomChien", "dateNaissance") values (2, 18, 2, '5Q536CGAX6HHW9RPK7JRVOELXEB1HBH01VNXQRL PMJL3SYL7A', '1218-2-4 6:52:54');

insert into "Chien" ("noTatouage", "noProprietaire", "noRace", "nomChien", "dateNaissance") values (85, 86, 7, 'KV1Q P3S7N78P98AN62PGCT3EOIETPK04WN1D04AT3N7TOF8NO', '901-1-8 5:5:35');

insert into "Chien" ("noTatouage", "noProprietaire", "noRace", "nomChien", "dateNaissance") values (64, 70, 4, 'WA5EDKHIWY15I70VSG30RWCVKEIEJ4OOQ5R4R1UEVYD11VG9DK', '1348-7-20 7:42:8');

insert into "Chien" ("noTatouage", "noProprietaire", "noRace", "nomChien", "dateNaissance") values (12, 10, 14, 'S40RMWEOKDTI6VWQEENT0WSJJBL59X2K3N78WKDIRKQ6B9G09X', '1051-3-17 5:46:47');

insert into "Chien" ("noTatouage", "noProprietaire", "noRace", "nomChien", "dateNaissance") values (104, 13, 3, '0A22SLDTRCR3D9PTXR1KK1VS3 LC9QHF1YLCTIOCIXUHH8BQ2Y', '612-3-9 3:18:55');

insert into "Chien" ("noTatouage", "noProprietaire", "noRace", "nomChien", "dateNaissance") values (27, 85, 20, 'E1S3RQYX7YX6CH9KQLJHBL1JU4HMOGSMXKM4B3PASFVD2KHY52', '1231-7-19 6:56:33');

insert into "Chien" ("noTatouage", "noProprietaire", "noRace", "nomChien", "dateNaissance") values (94, 106, 17, 'H964UWQI58JWHO 2F7ECYCJEC Y1S61EXB6FP XJ2LQYW9KYE6', '659-2-1 3:37:5');

insert into "Chien" ("noTatouage", "noProprietaire", "noRace", "nomChien", "dateNaissance") values (5, 81, 14, '  LN5 9BB8IC4PVQAWNVGIMT1A1K5YGF1BVVVOEBICBUOE69GV', '1101-1-27 6:10:20');

insert into "Chien" ("noTatouage", "noProprietaire", "noRace", "nomChien", "dateNaissance") values (32, 0, 12, '0SS3YODN62S9C0IN7TJDCMWI45GEFBPIG60F OMJWA1GJQH4DG', '963-4-30 5:26:8');

insert into "Chien" ("noTatouage", "noProprietaire", "noRace", "nomChien", "dateNaissance") values (4, 11, 2, 'EECIXO4WUY2 3 TJP GWPF XYICY0SFXCFLX UTWNT8 OBBNXP', '255-8-23 1:26:23');

insert into "Chien" ("noTatouage", "noProprietaire", "noRace", "nomChien", "dateNaissance") values (18, 35, 8, 'U3KPMX5UTR5NOJQMWFLRX290WOLDFBDXGO8O79T9TT1LQQHI B', '770-5-24 4:11:31');

insert into "Chien" ("noTatouage", "noProprietaire", "noRace", "nomChien", "dateNaissance") values (29, 33, 13, '88JKL4T3Y2UM7DAROHD5MXXHUDH30 8HGV M3 G X2LO4682 9', '685-6-10 3:43:0');

insert into "Chien" ("noTatouage", "noProprietaire", "noRace", "nomChien", "dateNaissance") values (78, 90, 16, '5YSIMTQQ1EAFYGT8UPRY5NQ31WDVWY8 R4001IX8WLUJ4GXQ1C', '1707-7-22 9:17:30');

insert into "Chien" ("noTatouage", "noProprietaire", "noRace", "nomChien", "dateNaissance") values (56, 0, 1, '2R 3KNPQOFOHJLRDLU6UOESOPJIEESPB2IT0Q8GUE6RD1UWHDU', '417-3-27 2:20:49');

insert into "Chien" ("noTatouage", "noProprietaire", "noRace", "nomChien", "dateNaissance") values (52, 20, 16, 'SUANOYEXPRWMBHDRAPI6H1BW4 WHCFM8E50BVR2P2R4FLX0FT4', '573-3-2 3:7:59');

insert into "Chien" ("noTatouage", "noProprietaire", "noRace", "nomChien", "dateNaissance") values (25, 70, 4, '8S7ATQHAD5FB9PC18LYNB7Q9TAKTOVMX87BPRAD0NDSHO9PJAM', '1298-5-11 7:20:8');

insert into "Chien" ("noTatouage", "noProprietaire", "noRace", "nomChien", "dateNaissance") values (44, 54, 6, 'RBA9MPP5JJIUOFXKSJMK4F0KFCTDC6MHFNP0FAKY1M7IRIPTX9', '1487-3-29 8:24:53');

insert into "Chien" ("noTatouage", "noProprietaire", "noRace", "nomChien", "dateNaissance") values (1, 105, 12, 'BVSJS3IH3XXAN2DLR2MS9G P0GFT1VAGC390A7JOJ6XSU8AD7E', '1448-10-27 8:13:5');

insert into "Chien" ("noTatouage", "noProprietaire", "noRace", "nomChien", "dateNaissance") values (62, 7, 6, 'HPLEIMOM LEJPUQC74W2BSNSJ9PR5ACF16HD EHEKQAJ9B0B0S', '880-11-14 4:52:14');

insert into "Chien" ("noTatouage", "noProprietaire", "noRace", "nomChien", "dateNaissance") values (97, 36, 13, ' PVXJVRXQB7TY 4XTV659K2TAHE 9XYN 4LAQVEPIH0LF8CFJC', '1981-11-8 10:47:4');

insert into "Chien" ("noTatouage", "noProprietaire", "noRace", "nomChien", "dateNaissance") values (95, 93, 4, '06CB53XWR03O  C62ADP 4MODELU2QM4SXM9AFV7BSNCVPLO7E', '1373-12-8 7:49:41');

insert into "Chien" ("noTatouage", "noProprietaire", "noRace", "nomChien", "dateNaissance") values (106, 65, 7, '3PWEPCE7WTGN2F11JEPCPQCUL67C798C4J9FEQG49MHKYEM805', '38-8-25 0:13:46');

insert into "Chien" ("noTatouage", "noProprietaire", "noRace", "nomChien", "dateNaissance") values (35, 3, 20, 'F14QBU6TB7RKK 4B PE38D51WIA4LHJA9DSD1M2AB4U3 BCKQF', '1070-7-16 5:54:58');

insert into "Chien" ("noTatouage", "noProprietaire", "noRace", "nomChien", "dateNaissance") values (98, 10, 15, 'EGNDKC587HDU43RUHON7L13N27HGL90E6VYQ17L2TDNKA5BMYM', '28-10-8 0:7:48');

insert into "Chien" ("noTatouage", "noProprietaire", "noRace", "nomChien", "dateNaissance") values (46, 50, 17, 'GQHYD029FR5N24H8M6OO83AKC14I1I025H59L2IGDPUJWQ5EHK', '586-11-17 3:12:57');

insert into "Chien" ("noTatouage", "noProprietaire", "noRace", "nomChien", "dateNaissance") values (89, 3, 11, '070YTQOS8MW0FSMXEN A4X7W21D2 2LX6NH1NG8JQCK83H3QM7', '1198-2-8 6:44:26');

insert into "Chien" ("noTatouage", "noProprietaire", "noRace", "nomChien", "dateNaissance") values (15, 61, 2, 'LVNP24PP2KWU9IVC4A07Q5AWJ XP3MRD7OUPFB7ICCSC6M9X2F', '181-2-19 1:1:46');

insert into "Chien" ("noTatouage", "noProprietaire", "noRace", "nomChien", "dateNaissance") values (77, 46, 2, '6DAN4Y3OS CJ92G4ITYLISD6KX8T2HDOI997YLAFOOXK4KOEIQ', '77-1-9 0:26:29');

insert into "Chien" ("noTatouage", "noProprietaire", "noRace", "nomChien", "dateNaissance") values (96, 11, 4, 'P63C4H70MPJJQ3B3941AX0J46 UL19O5XI1B9DQTS6H Q8 X9X', '1851-3-27 10:1:42');

insert into "Chien" ("noTatouage", "noProprietaire", "noRace", "nomChien", "dateNaissance") values (13, 21, 18, '5XNTEJO5H8G7WM64UCBJ5JK554PFYUF8MQTWA0DNM NA5MBSNC', '1958-7-16 10:39:26');

insert into "Chien" ("noTatouage", "noProprietaire", "noRace", "nomChien", "dateNaissance") values (99, 27, 20, 'LFI7XRGOPKNP9VBHN0BKF6CS4BCIGB0R52WU7CQRN9IDHRL72J', '478-11-19 2:38:53');

insert into "Chien" ("noTatouage", "noProprietaire", "noRace", "nomChien", "dateNaissance") values (76, 49, 1, 'L5AMC 5PHL S4DS5HA0CWW7R3L71EGTH7MO Q9RIK1MDOF72EC', '1322-2-3 7:26:29');

insert into "Chien" ("noTatouage", "noProprietaire", "noRace", "nomChien", "dateNaissance") values (86, 85, 18, '7BE2S XYPY64EKDOOH9SUGPXCEUHRUSQ027JOGK2MXVI559YJE', '1256-9-20 7:9:34');

insert into "Chien" ("noTatouage", "noProprietaire", "noRace", "nomChien", "dateNaissance") values (90, 56, 18, '53 YXADFEKO5W1SIS3VGLCTK1D5742WA54L2D082L5WB0RBO8W', '1391-11-20 7:53:31');

insert into "Chien" ("noTatouage", "noProprietaire", "noRace", "nomChien", "dateNaissance") values (61, 85, 11, '5SN6HLOT8E7GKRL9VG6XR5906CCBMU2H30FS2WDD23TGPNA8RI', '1555-10-25 8:44:16');

insert into "Chien" ("noTatouage", "noProprietaire", "noRace", "nomChien", "dateNaissance") values (72, 6, 17, 'IQ1MPF2U81XDET1BLDBJ8 179DSVL807L2FNT1W615USUA5JU0', '1532-2-21 8:35:47');

insert into "Chien" ("noTatouage", "noProprietaire", "noRace", "nomChien", "dateNaissance") values (70, 26, 4, '8QV0EEXEGMET59OGLH VQ93R8UJOC6 P3SI74Y6KR35 HY0CHL', '1083-1-19 6:2:13');

insert into "Chien" ("noTatouage", "noProprietaire", "noRace", "nomChien", "dateNaissance") values (105, 5, 6, '5EGPUX7B85ADSBH9RQYTGXXSR33BW2BKSIQTPM5A4AH 2NAUX5', '1908-2-2 10:29:28');

insert into "Chien" ("noTatouage", "noProprietaire", "noRace", "nomChien", "dateNaissance") values (37, 14, 8, 'HL6CJ9RYVYPVK5VF1I4NTVX46ENENCQF0JVMF85SG6QX18WUJD', '1589-11-7 8:53:44');

insert into "Chien" ("noTatouage", "noProprietaire", "noRace", "nomChien", "dateNaissance") values (55, 25, 5, 'MT5FY1FTF7YQHYOJ0HPNG69XFASW U9MPQFE0U2 CJW6 IC75J', '1174-12-23 6:38:24');

insert into "Chien" ("noTatouage", "noProprietaire", "noRace", "nomChien", "dateNaissance") values (103, 67, 19, 'SKS4JS8W5DOX 5 05GFQOCAVIYLAPPUCB5Q2A3JPR13 9K 36D', '1156-7-24 6:35:13');

insert into "Chien" ("noTatouage", "noProprietaire", "noRace", "nomChien", "dateNaissance") values (39, 80, 6, '4DN AI1J6V7 RAATGT8OVFIEXBH0DEK4HR6NBO0K6A3JHPW2LM', '361-10-28 2:3:23');

insert into "Chien" ("noTatouage", "noProprietaire", "noRace", "nomChien", "dateNaissance") values (92, 22, 12, ' 7SRL6ALQES7QRFB5QEJ9QJXEKPVQLE4UUSBI7Y Y8WPCKGWDB', '198-10-29 1:6:56');

insert into "Chien" ("noTatouage", "noProprietaire", "noRace", "nomChien", "dateNaissance") values (93, 104, 10, 'N3X1RMWY3WJ8LBYHGLYH4 TPG BYJSA43DDISL65FWF EP7PF ', '844-9-25 4:38:56');

insert into "Chien" ("noTatouage", "noProprietaire", "noRace", "nomChien", "dateNaissance") values (24, 63, 13, ' 5LJSM73WI8K8IY58F7HLCFRR O3APDTWKOX5HVWL LC9IB9J5', '343-8-11 1:57:18');

insert into "Chien" ("noTatouage", "noProprietaire", "noRace", "nomChien", "dateNaissance") values (0, 51, 10, '2ABDXE7JQSNBWAB56YWGB8778K7SECH80H9OQKO4EGK2SJ3LIQ', '1892-12-15 10:24:31');

insert into "Chien" ("noTatouage", "noProprietaire", "noRace", "nomChien", "dateNaissance") values (38, 106, 8, 'WCDUR884RQFYKD4W4EPYCC3514QMDMJSOKXCNAB9BBONLG3SDC', '1614-3-31 8:58:33');

insert into "Chien" ("noTatouage", "noProprietaire", "noRace", "nomChien", "dateNaissance") values (65, 60, 12, 'P5R0RDVBIFM7O4O9TAHQLO16EROH5UBYPNO0TYP4XUJFY21824', '1508-4-14 8:30:37');

insert into "Chien" ("noTatouage", "noProprietaire", "noRace", "nomChien", "dateNaissance") values (30, 27, 20, '60UHYNXL4NY30ALT5H99UOUL4JTFOUK6XVA5TPLCL9S085E0IL', '1464-1-18 8:17:1');

insert into "Chien" ("noTatouage", "noProprietaire", "noRace", "nomChien", "dateNaissance") values (74, 61, 5, 'LYGT3CNYACC8DQ73QL4YT51THINX4ECTW5IXKNP8XFI4GXSNH4', '890-10-13 5:0:8');

insert into "Chien" ("noTatouage", "noProprietaire", "noRace", "nomChien", "dateNaissance") values (88, 31, 18, '9N 1LYAUMPT4MPQDO67 43UMIWXVPODFASIVTG4QB7I7GX8IG9', '1765-9-7 9:35:38');

insert into "Chien" ("noTatouage", "noProprietaire", "noRace", "nomChien", "dateNaissance") values (73, 81, 5, '0JR89KFPW2MT6V25XXIR05PCI4I0108GRUCSI8S068W 4GBANC', '1126-9-26 6:18:34');

insert into "Chien" ("noTatouage", "noProprietaire", "noRace", "nomChien", "dateNaissance") values (75, 56, 5, 'SFFQ7AJY2OJM5CVX5B R CQ7U3EATHMJBLQP7W2KFEAIENFT54', '1636-6-5 9:3:53');

insert into "Chien" ("noTatouage", "noProprietaire", "noRace", "nomChien", "dateNaissance") values (100, 48, 7, '0CTHL8XYYTJ506COP01FQAXM2F OPTVXSQ530P6PJ5FIA2ONXA', '1031-8-6 5:42:16');

insert into "Chien" ("noTatouage", "noProprietaire", "noRace", "nomChien", "dateNaissance") values (82, 70, 20, '2XHKA8IRXMDACT7EXPJ66YN LQ87MROTQHH4UJ0N9LBT5A G1T', '1422-10-4 8:6:9');

insert into "Chien" ("noTatouage", "noProprietaire", "noRace", "nomChien", "dateNaissance") values (34, 103, 5, '2E OJR1WWP0R2JHY8OH8QR1MP3EANNGTP87AAIW KW8S00Q7I8', '238-11-4 1:19:44');

insert into "Chien" ("noTatouage", "noProprietaire", "noRace", "nomChien", "dateNaissance") values (16, 25, 1, 'JDOHEN  R4GF5XTP1JRX8UU77B4J2YCV IIVHIXJDJHU5E414P', '142-5-14 0:46:22');

insert into "Chien" ("noTatouage", "noProprietaire", "noRace", "nomChien", "dateNaissance") values (47, 55, 10, 'KE9BM8BBXY U2V7ITMFXJXYNIMJAMJOC4X422QL4KW0FAO7QV2', '1331-7-24 7:33:55');

insert into "Chien" ("noTatouage", "noProprietaire", "noRace", "nomChien", "dateNaissance") values (87, 44, 7, 'GL4HQ087CMHQGHM71PMNIH4JT5WUIVQ7S09OHL0KQAB9QL0KAP', '1871-8-26 10:17:54');

insert into "Chien" ("noTatouage", "noProprietaire", "noRace", "nomChien", "dateNaissance") values (33, 97, 5, '014JDQ0D2552APOOT8IP1GT3VXBG304J83YUU28D9EPU7XGXYV', '1281-10-3 7:15:16');

insert into "Chien" ("noTatouage", "noProprietaire", "noRace", "nomChien", "dateNaissance") values (22, 68, 12, 'M597SRARIBC6VIL94EYP6B6Q85USF24M63GUUXXT8V5CUTN19J', '1663-4-6 9:7:11');

insert into "Chien" ("noTatouage", "noProprietaire", "noRace", "nomChien", "dateNaissance") values (59, 103, 4, 'SGLAVBFCHYYA J424184FGV3JIFL85I2BU89MIF61PEMJ T4L3', '1931-2-2 10:36:19');

insert into "Chien" ("noTatouage", "noProprietaire", "noRace", "nomChien", "dateNaissance") values (91, 104, 16, '8SQ1CHF91XJFL561U5 UWTCY733B8KX149273XGV3QWWODWTAP', '102-10-29 0:32:46');

insert into "Chien" ("noTatouage", "noProprietaire", "noRace", "nomChien", "dateNaissance") values (67, 104, 6, 'U 4SWDUL65V90H9SYP5N2A3U3PKRPNENCQU325QYM7RDIP0I4F', '1833-12-2 9:55:57');

insert into "Chien" ("noTatouage", "noProprietaire", "noRace", "nomChien", "dateNaissance") values (84, 106, 1, '1CI3H107HOOP1MW5B4Y7GUJFEHUOQINGR3QIT  VBYLQ547BFN', '1005-1-9 5:38:34');

insert into "Concours" ("noConcours", "noVille", "noTypeConcours", "dateConcours") values (0, 13, 0, 5);

insert into "Concours" ("noConcours", "noVille", "noTypeConcours", "dateConcours") values (5, 6, 1, 1);

insert into "Concours" ("noConcours", "noVille", "noTypeConcours", "dateConcours") values (2, 4, 2, 8);

insert into "Concours" ("noConcours", "noVille", "noTypeConcours", "dateConcours") values (1, 26, 2, 4);

insert into "Concours" ("noConcours", "noVille", "noTypeConcours", "dateConcours") values (9, 29, 1, 7);

insert into "Concours" ("noConcours", "noVille", "noTypeConcours", "dateConcours") values (3, 17, 2, 6);

insert into "Concours" ("noConcours", "noVille", "noTypeConcours", "dateConcours") values (6, 4, 2, 2);

insert into "Concours" ("noConcours", "noVille", "noTypeConcours", "dateConcours") values (7, 9, 1, 0);

insert into "Concours" ("noConcours", "noVille", "noTypeConcours", "dateConcours") values (8, 10, 1, 9);

insert into "Concours" ("noConcours", "noVille", "noTypeConcours", "dateConcours") values (4, 19, 1, 3);

insert into GAGNER ("noTatouage", "noConcours", "noTypeConcours", "score", "libelle") values (26, 0, 0, 3, 'XKD3EAQTN5PCLMBIO3JA');

insert into GAGNER ("noTatouage", "noConcours", "noTypeConcours", "score", "libelle") values (69, 5, 4, 4, 'J96FTKVXXGDCB0OIH MW');

insert into GAGNER ("noTatouage", "noConcours", "noTypeConcours", "score", "libelle") values (21, 2, 2, 1, 'XYBAET7QQH2YG JKJCPJ');

insert into GAGNER ("noTatouage", "noConcours", "noTypeConcours", "score", "libelle") values (54, 1, 3, 0, '6A85VKLIKAP4HGA3YED1');

insert into GAGNER ("noTatouage", "noConcours", "noTypeConcours", "score", "libelle") values (17, 9, 1, 2, '8 9N0VAFFMCJN25JHVIF');

insert into "participer" ("noTatouage", "noConcours", "noTypeConcours") values (26, 0, 58);

insert into "participer" ("noTatouage", "noConcours", "noTypeConcours") values (69, 5, 81);

insert into "participer" ("noTatouage", "noConcours", "noTypeConcours") values (21, 2, 44);

insert into "participer" ("noTatouage", "noConcours", "noTypeConcours") values (54, 1, 27);

insert into "participer" ("noTatouage", "noConcours", "noTypeConcours") values (17, 9, 25);

insert into "participer" ("noTatouage", "noConcours", "noTypeConcours") values (10, 3, 53);

insert into "participer" ("noTatouage", "noConcours", "noTypeConcours") values (53, 6, 12);

insert into "participer" ("noTatouage", "noConcours", "noTypeConcours") values (8, 7, 39);

insert into "participer" ("noTatouage", "noConcours", "noTypeConcours") values (19, 8, 96);

insert into "participer" ("noTatouage", "noConcours", "noTypeConcours") values (6, 4, 59);

