insert into "Theme" ("noTheme", "intituleTheme") values ('MHD23GYI8RVXSY ', 'JPQR1TNA FW7YHS 8YV442A1B5OWXV1DRCA4LLBR4VMV JCBTUL72B GPXCR2AE');

insert into "Theme" ("noTheme", "intituleTheme") values ('D285N60IVOKH872', 'O5EIN8M2U36R63YN353CYNMAHW5SVNNT4E7PN864 O8VVFRQDEF3QY1CYQPNJ18');

insert into "Theme" ("noTheme", "intituleTheme") values ('4H34EWQ83U0A4U6', 'QK6YHLG1KCOWOTJGGSSK25L12C1CW83OEI6SQ38B7PWVB3KXHQI1SVPF6RMRPK7');

insert into "Theme" ("noTheme", "intituleTheme") values ('QPHB75OK80 G9 A', '4T44QKXIKLJAT4V6E85UD1RYH50FJKB90U8TQF2PS5 O8OIILVR2YWUIV9IC59E');

insert into "Theme" ("noTheme", "intituleTheme") values ('OAJM55QF410W9IA', '0R KKGC7 6QQ9GUWO66MR222 IGEXH0X4TDSBLJWUEMJ5NQBJJHBAU30UF4GK10');

insert into "Emplacement" ("noEmplacement", "noTheme") values (2, 'MHD23GYI8RVXSY ');

insert into "Emplacement" ("noEmplacement", "noTheme") values (3, 'D285N60IVOKH872');

insert into "Emplacement" ("noEmplacement", "noTheme") values (0, '4H34EWQ83U0A4U6');

insert into "Emplacement" ("noEmplacement", "noTheme") values (4, 'D285N60IVOKH872');

insert into "Emplacement" ("noEmplacement", "noTheme") values (1, 'MHD23GYI8RVXSY ');

insert into "Paiement" ("noPaiement", "montantPaiement", "datePaiement", "typePaiement") values (1, 1, '431-6-3 2:5:44', 'COTISATION');

insert into "Paiement" ("noPaiement", "montantPaiement", "datePaiement", "typePaiement") values (3, 2, '819-9-20 5:31:29', 'AMENDE');

insert into "Paiement" ("noPaiement", "montantPaiement", "datePaiement", "typePaiement") values (2, 4, '1094-3-9 7:51:14', 'COTISATION');

insert into "Paiement" ("noPaiement", "montantPaiement", "datePaiement", "typePaiement") values (4, 3, '1-1-1 0:0:0', 'AMENDE');

insert into "Paiement" ("noPaiement", "montantPaiement", "datePaiement", "typePaiement") values (0, 0, '1322-6-13 9:45:27', 'COTISATION');

insert into "Personne" ("noPersonne", "nom", "prenom") values (3, 'ECS98JRWQRDVYQCC6VCSUL4VXJ1U4OQ', '6KDET3T8UWLYMTPL0YYXPIK68CUCQGL');

insert into "Personne" ("noPersonne", "nom", "prenom") values (4, 'PBQBN7KTDVKU81X16WGK91MGSP951M2', 'B6KWEY BA20GCMF EH5PSMX9TAJS9IM');

insert into "Personne" ("noPersonne", "nom", "prenom") values (1, 'P LRPWGNKE80JG78HHV2593XEQ2O2ET', 'TOD2VSUFGG1DXJPBM7KF3VO4JAV8LEV');

insert into "Personne" ("noPersonne", "nom", "prenom") values (2, 'RIO24A8CQBET99B5RKWJNLFAYPO4NBN', '43UDLG6114NW L3PWIWUQP8T7VF41RJ');

insert into "Personne" ("noPersonne", "nom", "prenom") values (0, 'SV0GSYRR T82T07I8O29JLU7HB  4MS', 'X6SOUF4H46P1E18WG0K89CYX8QUSLLI');

insert into "Utilisateur" ("noPersonne") values (3);

insert into "Utilisateur" ("noPersonne") values (4);

insert into "Utilisateur" ("noPersonne") values (1);

insert into "Utilisateur" ("noPersonne") values (2);

insert into "Utilisateur" ("noPersonne") values (0);

insert into "Employe" ("noPersonne", "gradeEmploye") values (3, 'GR8AAC6WR OCVRQCBB7J JT02DTCJQC');

insert into "Employe" ("noPersonne", "gradeEmploye") values (4, 'SBP9FJHSWE2A1PRGFB5L8A8GUO0EC 9');

insert into "Employe" ("noPersonne", "gradeEmploye") values (1, '90P0DIYX OANQG2B4W9P945T2SQ7OXE');

insert into "Employe" ("noPersonne", "gradeEmploye") values (2, 'P55MY2H1IFE7P8 T3VLXXGI02JL86CF');

insert into "Employe" ("noPersonne", "gradeEmploye") values (0, 'BOVRLPN4TEJRH401MHHQTNNEI3BPVXR');

insert into "Auteur" ("noPersonne") values (3);

insert into "Auteur" ("noPersonne") values (4);

insert into "Auteur" ("noPersonne") values (1);

insert into "Auteur" ("noPersonne") values (2);

insert into "Auteur" ("noPersonne") values (0);

insert into "Livre" ("iSBNLivre", "noTheme", "noPersonne", "titreLivre") values (1, 'QPHB75OK80 G9 A', 1, '9T8SS6GL9RL9J4Q6G1NM0S21VSQO3QIJ5L2R34RO84PPXV3354OXY667UBWLE27FEOYUL8PGXP1CJN8Y6MXRERD K6EEBDIQ31846X7LQQY5NW7XCF679647J2GNLNL');

insert into "Livre" ("iSBNLivre", "noTheme", "noPersonne", "titreLivre") values (4, '4H34EWQ83U0A4U6', 2, 'QY3QITRLSCYKWS336A5NBDQ0QPT2BU TEPFA8AJ6H2X9FLU7GIACWH5BIFRPGLWWLHRKRS1E4KERRJS3DKLD0I5QFMTE81U7R9GNW25OJRVP6 3FBK05OMH7OULLNFE');

insert into "Livre" ("iSBNLivre", "noTheme", "noPersonne", "titreLivre") values (2, 'D285N60IVOKH872', 4, 'F8A28WOHKDW3AE0NVKWNJDSKUFWV64RR6919JE09M8DU7IKY2B8S3VPGOPXKNFWR7YDV9F4DGMY6P1C7ROHUSHXVSHAR1UDW7EBWPGYDMXP8KXS8PNXC4TQ6DMNOWYJ');

insert into "Livre" ("iSBNLivre", "noTheme", "noPersonne", "titreLivre") values (0, 'D285N60IVOKH872', 4, 'DYKAIOB6GSIWC3H6IN5127Y6EIV0Q8UKY8BX GA8GNJ4X3GI7F0LVLC49GXKHPWD4WE5TX0FWW6BO00N3WXPSGW82EBTLF0O2SI5LILQ AFKBNO6OVKO1FUVTLLLY3F');

insert into "Livre" ("iSBNLivre", "noTheme", "noPersonne", "titreLivre") values (3, 'QPHB75OK80 G9 A', 3, 'XIS8G33IYIK8BUIFF1BG6 OVA6C3 LURGXU3TA5MQ KFBAJLM 4134Y3FG 5ANF58EUFA7N9DI3TK 8 OV9ON3H 2LTX7H505PTL75432W1 B9LQBVRLAR3HR99KMJQ');

insert into "Adherent" ("noPersonne", "noTelAdherent") values (3, '8TVVD15T6LE1RG');

insert into "Adherent" ("noPersonne", "noTelAdherent") values (4, 'CE6OP89QHEHJLP');

insert into "Adherent" ("noPersonne", "noTelAdherent") values (1, 'U98YX6PDFXHT2E');

insert into "Adherent" ("noPersonne", "noTelAdherent") values (2, ' EKMSWPN5MIBYD');

insert into "Adherent" ("noPersonne", "noTelAdherent") values (0, 'HAA EPF VVAPX9');

insert into "Amende" ("noAmende", "noPaiement", "noPersonne", "montantAmende", "motifAmende", "dateAmende") values (3, 4, 4, 3, 'QVW2HPSCBYLKREKV2U9UM44 JQB97 MSB1A2JEUSLDS4FYUT20WD2PMTQAARAC434CUYHR9BCK6FYC 2CSCK8YJ1IYN0IF0S1GNSFMO8Q587KFPRRVS1IY TKRKPTQW', '343-3-28 3:25:11');

insert into "Amende" ("noAmende", "noPaiement", "noPersonne", "montantAmende", "motifAmende", "dateAmende") values (4, 1, 1, 2, 'VRI84PO8R6U1HH835G7BM0P9HY ONU5CT5VT6HJ9LDKI WYTL7KG RWJVL EAETETHN7D3L0G25GBADJSN8ICE98AD3EBWDIJ5 ADJVOYMQHTV7EKEO6WDFN4CEP3HN', '1-1-1 0:0:0');

insert into "Amende" ("noAmende", "noPaiement", "noPersonne", "montantAmende", "motifAmende", "dateAmende") values (1, 4, 1, 0, 'C6XTJ VML9SDVVOFMDF8QY6D6AXQV06TRC T4 XGC3PSLXPCP5307S59H91S7I ATBXHU6J8JN K7FWH6F8U8QIN91W1M2OQLTP36FE32PK  U0OT60E36G9F48MP53', '575-8-10 4:51:14');

insert into "Amende" ("noAmende", "noPaiement", "noPersonne", "montantAmende", "motifAmende", "dateAmende") values (2, 2, 2, 1, '5H5SN8L4GUKU7VPS1IY14QI172M3MOCTRY3Y0SM7030L4EJT BVB6R46TE2YSH5H5L1FRBE3R1F0DSXO7GHAMHITPSLRON7J49TTAVY4Y6OOFYHQMA S8R6PSRVROD3', '1415-4-4 8:31:49');

insert into "Amende" ("noAmende", "noPaiement", "noPersonne", "montantAmende", "motifAmende", "dateAmende") values (0, 4, 1, 4, 'DRUV4R79H447MJETCHD00I6LJ812OUJI9FH5U4QDC5MX8QCNRCBTLT0CWIGVN6N3FUF2S3ICR2MCDRMM4012MB3 AD K6AWLYX4O689AOC6F79QIIIH2IU164VTW6O4', '1096-6-15 6:4:58');

insert into "Exemplaire" ("codeExemplaire", "iSBNLivre", "commentaireExemplaire", "etat") values (2, 1, 'XGULGJ77SFBIVWY9W 5PQUJ2IT6U5F9CTQKW38YRW38KW09CL4IHO6I8PEV11WIK GTQSPCEPQQ6W IU 48XGP3ADB6KU43PKL5O0XR6CFXHV29GBJ4UU66Q7QU6EPK', 0);

insert into "Exemplaire" ("codeExemplaire", "iSBNLivre", "commentaireExemplaire", "etat") values (4, 4, '92OE3IUCV64QKRD4XNPI MW76JW7NO2435DUFY1R3NDKQY5VAPNILDMKYE3CXLEVB1MLQL6PIEEHPMIMKPVDPG1XJ65RI7TUV6C8MYVRL57NARSM0YR3IHFLDX5L94U', 1);

insert into "Exemplaire" ("codeExemplaire", "iSBNLivre", "commentaireExemplaire", "etat") values (3, 2, 'IGOG8WT5WMBV3HJTMTDSMHAP8MF5TE0MTLCWYO0OIQXGSL7YQTJDSDT7Y71AFDRS1KJPOELLEPP3O984HOP2A96V9WRO7WEI DDULQQJR60YHD7RTVTDTGN427CHX03', 2);

insert into "Exemplaire" ("codeExemplaire", "iSBNLivre", "commentaireExemplaire", "etat") values (1, 0, 'IQXJFSNTS9LV7Y1WV1LDWWLM OF4X8170TTHHADA1V3 2NQ8WYWM7 IQWTO27NJ7R8F84 HUL0PNS479WNKGXFFNYMRVMOER3BYGJORB8K4VNQF8FQ5DRIRBPMCUGNR', 0);

insert into "Exemplaire" ("codeExemplaire", "iSBNLivre", "commentaireExemplaire", "etat") values (0, 3, 'NTTDJW4AMBPXAYUPIM50KDDAR9SV 0V1WAXEHDWGXP4F71OLN29AVH4 79FJWOIXKF7L 8KXJSVPMBCYCWVXTUR5 VBCVTNHXMM9CQJMTIDM34VXGV5KJ94DMRL0UVA', 1);

insert into "Pret" ("noPret", "dateEmprunt", "codeExemplaire", "iSBNLivre", "noPersonne", "dureePret") values (0, '992-6-30 8:25:31', 4, 4, 3, 0);

insert into "Pret" ("noPret", "dateEmprunt", "codeExemplaire", "iSBNLivre", "noPersonne", "dureePret") values (2, '614-3-16 5:6:15', 3, 4, 4, 1);

insert into "Pret" ("noPret", "dateEmprunt", "codeExemplaire", "iSBNLivre", "noPersonne", "dureePret") values (3, '1411-12-9 9:52:10', 4, 0, 4, 4);

insert into "Pret" ("noPret", "dateEmprunt", "codeExemplaire", "iSBNLivre", "noPersonne", "dureePret") values (4, '295-5-15 3:34:34', 3, 4, 1, 2);

insert into "Pret" ("noPret", "dateEmprunt", "codeExemplaire", "iSBNLivre", "noPersonne", "dureePret") values (1, '1-1-1 0:0:0', 2, 2, 1, 3);

insert into "HistoPret" ("noHisto", "noPret", "dateEmprunt", "dateRemise") values (4, 0, '992-6-30 8:25:31', '1-1-1 0:0:0');

insert into "HistoPret" ("noHisto", "noPret", "dateEmprunt", "dateRemise") values (1, 2, '992-6-30 8:25:31', '581-11-20 6:38:35');

insert into "HistoPret" ("noHisto", "noPret", "dateEmprunt", "dateRemise") values (2, 3, '992-6-30 8:25:31', '272-4-29 3:4:17');

insert into "HistoPret" ("noHisto", "noPret", "dateEmprunt", "dateRemise") values (0, 4, '992-6-30 8:25:31', '1026-5-1 9:57:10');

insert into "HistoPret" ("noHisto", "noPret", "dateEmprunt", "dateRemise") values (3, 1, '992-6-30 8:25:31', '1232-4-16 11:18:12');

